ISO-10303-21;
HEADER;

FILE_DESCRIPTION(
/* View */                 ('ViewDefinition[CoordinationView,StructuralAnalysisView]',
/* SPACE GASS File */      'File[C:\\Users\\j0sua\\Downloads\\sg2rfem_demo.sg]'),
/* Implementation_level */ '2;1');

FILE_NAME(
/* Filename */             'P:\\julia_repo\\SGtoRFEM\\sg_txt_out\\sg2rfem_demo.ifc',
/* Creation Date */        '2026-05-15T09:15:24',
/* Author */               (' '),
/* Organization */         ('Space Gass Pty Ltd'),
/* Processor Version */    '14.25 (14.25.9539.1295)',
/* Processor */            'SPACE GASS',
/* Authorization */        ' ');

FILE_SCHEMA(('IFC4'));
ENDSEC;

DATA;

/*   S P A C E   G A S S   E X P O R T   */
/* Owner */
#1=IFCOWNERHISTORY(#2,#6,$,.NOCHANGE.,$,$,$,1778879724);
#2=IFCPERSONANDORGANIZATION(#3,#4,(#5));
#3=IFCPERSON($,' ',$,$,$,$,$,$);
#4=IFCORGANIZATION($,'VESUVIAN PTY LTD',$,$,$);
#5=IFCACTORROLE(.STRUCTURALENGINEER.,$,'Analysis Model');
/*  SPACE GASS  */
#6=IFCAPPLICATION(#7,'14.25','SPACE GASS 14.25','SPACE GASS');
#7=IFCORGANIZATION('$','Space Gass Pty Ltd',$,$,$);
#8=IFCCLASSIFICATION('SPACE GASS','14.25','2026-3-31','SPACE GASS Standard Library',$,$,$);
#9=IFCCLASSIFICATION('SPACE GASS','14.25','2026-2-16','SPACE GASS Custom Library',$,$,$);
/* Structural Analysis Model */
/* Standard Library File Date */
/* Custom Library File Date */


/* SpaceGass Library Dates */
/* Standard Library File Date */
/* Custom Library File Date */


/*   U N I T S   */
#13=IFCSIUNIT(*,.LENGTHUNIT.,.MILLI.,.METRE.);
#14=IFCSIUNIT(*,.FORCEUNIT.,$,.NEWTON.);
/* Area unit */
#15=IFCSIUNIT(*,.AREAUNIT.,.MILLI.,.SQUARE_METRE.);
/* Mass unit */
#16=IFCSIUNIT(*,.MASSUNIT.,$,.GRAM.);
#17=IFCMEASUREWITHUNIT(IFCREAL(1000000),#16);
#18=IFCDIMENSIONALEXPONENTS(0,1,0,0,0,0,0);
#19=IFCCONVERSIONBASEDUNIT(#18,.MASSUNIT.,'TONNE',#17);
/* Inertia unit */
#20=IFCDERIVEDUNITELEMENT(#13,4);
#21=IFCDERIVEDUNIT((#20),.MOMENTOFINERTIAUNIT.,$);
#22=IFCDERIVEDUNITELEMENT(#14,1);
#23=IFCDERIVEDUNITELEMENT(#13,-2);
#24=IFCDERIVEDUNITELEMENT(#13,1);
/* MaterialStrength Unit */
#25=IFCDERIVEDUNIT((#22,#23),.MODULUSOFELASTICITYUNIT.,$);
/* MassDensity Unit */
#26=IFCDERIVEDUNITELEMENT(#19,1);
#27=IFCDERIVEDUNITELEMENT(#13,-3);
#28=IFCDERIVEDUNIT((#26,#27),.MASSDENSITYUNIT.,$);
/* Temperature Unit */
#29=IFCSIUNIT(*,.THERMODYNAMICTEMPERATUREUNIT.,$,.DEGREE_CELSIUS.);
#30=IFCDERIVEDUNITELEMENT(#29,-1);
#31=IFCDERIVEDUNIT((#30),.THERMALEXPANSIONCOEFFICIENTUNIT.,$);
/* Force Unit */
/* Moment Unit */
#32=IFCDERIVEDUNIT((#22,#24),.TORQUEUNIT.,$);
#33=IFCDERIVEDUNITELEMENT(#13,-1);
#34=IFCDERIVEDUNIT((#22,#24,#33),.LINEARMOMENTUNIT.,$);
/* Acceleration Unit */
#35=IFCSIUNIT(*,.TIMEUNIT.,$,.SECOND.);
#36=IFCDERIVEDUNITELEMENT(#13,1);
#37=IFCDERIVEDUNITELEMENT(#35,-2);
#38=IFCDERIVEDUNIT((#36,#37),.ACCELERATIONUNIT.,$);
/* Translation Unit */
/* Stress Unit */
/* Unused Unit */
/* Plate Pressure */
#39=IFCDERIVEDUNIT((#22,#23),.PLANARFORCEUNIT.,$);
/* Angle in Radians */
#40=IFCSIUNIT(*,.PLANEANGLEUNIT.,$,.RADIAN.);
/* Rotational Stiffness Unit */
#41=IFCDERIVEDUNITELEMENT(#14,1);
#42=IFCDERIVEDUNITELEMENT(#13,1);
#43=IFCDERIVEDUNITELEMENT(#40,-1);
#44=IFCDERIVEDUNIT((#41,#42,#43),.ROTATIONALSTIFFNESSUNIT.,$);
/* Linear Stiffness Unit */
#45=IFCDERIVEDUNITELEMENT(#13,-1);
#46=IFCDERIVEDUNIT((#22,#24,#45),.LINEARSTIFFNESSUNIT.,$);
/* Linear Force Unit */
#47=IFCDERIVEDUNIT((#22,#45),.LINEARFORCEUNIT.,$);
/* Angle in Degrees */
#48=IFCMEASUREWITHUNIT(IFCREAL(0.01745329),#40);
#49=IFCDIMENSIONALEXPONENTS(0,0,0,0,0,0,0);
#50=IFCCONVERSIONBASEDUNIT(#49,.PLANEANGLEUNIT.,'DEGREE',#48);
#51=IFCUNITASSIGNMENT((#13,#14,#15,#19,#28,#25,#32,#21,#40,#29,#31,#44,#39,#34,#47,#46));

/*  P R O J E C T  */
#52=IFCPROJECT('2R25UxpgH5z9JsyRVodULV',#1,'Unknown',$,$,$,$,(#53),#51);
/* World Coordinate System */
#53=IFCGEOMETRICREPRESENTATIONCONTEXT($,'Model',3,0.01,#54,$);
/* Global coordinate system [z axis vertical] */
#54=IFCAXIS2PLACEMENT3D(#55,#57,#56);
#55=IFCCARTESIANPOINT((0.0,0.0,0.0));
#56=IFCDIRECTION((1.0,0.0,0.0));
#57=IFCDIRECTION((0.0,0.0,1.0));
/* Extrusion coordinate system */
#58=IFCAXIS2PLACEMENT3D(#59,#60,#61);
#59=IFCCARTESIANPOINT((0.0,0.0,0.0));
#60=IFCDIRECTION((1.0,0.0,0.0));
#61=IFCDIRECTION((0.0,1.0,0.0));
#62=IFCDIRECTION((0.0,0.0,1.0));
/* 2D Cross Section [y axis vertical] */
#63=IFCAXIS2PLACEMENT2D(#64,#65);
#64=IFCCARTESIANPOINT((0.0,0.0));
#65=IFCDIRECTION((1.0,0.0));
/* Site */
#66=IFCSITE('3y280hxwX9S81sBo2OY$fq',#1,'Site',$,$,#68,$,$,.ELEMENT.,$,$,$,$,$);
#67=IFCRELAGGREGATES('2q00U_4u51G88Kc06X2RpH',#1,$,$,#52,(#66));
#68=IFCLOCALPLACEMENT($,#54);
/* Building */
#69=IFCBUILDING('3I1us4izrBHwFjWdOy15Ol',#1,'Building',$,$,#71,$,$,.ELEMENT.,$,$,$);
#70=IFCRELAGGREGATES('1B0IGpb_9CXfwuYW0DFfl6',#1,$,$,#66,(#69));
#71=IFCLOCALPLACEMENT($,#54);
/* Analysis Model */
#72=IFCSTRUCTURALANALYSISMODEL('1w06UkQsTEXA5ehJyhhoj4',#1,'Structural Analysis Model',$,$,.LOADING_3D.,$,$,$,$);
#73=IFCRELSERVICESBUILDINGS('054O6$Ozf8kwq$CZwpva5m',#1,'Structural Analysis Relationship',$,$,$);

/*  N O D E   R E S T R A I N T S  */
#200=IFCBOUNDARYNODECONDITION('General Restraint (RRRRRR)',IFCBOOLEAN(.F.),IFCBOOLEAN(.F.),IFCBOOLEAN(.F.),IFCBOOLEAN(.F.),IFCBOOLEAN(.F.),IFCBOOLEAN(.F.));

/*  N O D E   C O O R D I N A T E S  */
/* Node 1 */
#300=IFCCARTESIANPOINT((0.000000000000000000,0.000000000000000000,0.000000000000000000));
#301=IFCVERTEXPOINT(#300);
#302=IFCTOPOLOGYREPRESENTATION(#53,'Axis','Vertex',(#301));
#303=IFCPRODUCTDEFINITIONSHAPE($,$,(#302));
#304=IFCLOCALPLACEMENT(#71,#54);
#305=IFCSTRUCTURALPOINTCONNECTION('1O1LQ5s6D6281fCozglzJm',#1,'1',$,$,#304,#303,$,$);
/* Node 2 */
#306=IFCCARTESIANPOINT((0.000000000000000000,0.000000000000000000,6000.000000000000000000));
#307=IFCVERTEXPOINT(#306);
#308=IFCTOPOLOGYREPRESENTATION(#53,'Axis','Vertex',(#307));
#309=IFCPRODUCTDEFINITIONSHAPE($,$,(#308));
#310=IFCLOCALPLACEMENT(#71,#54);
#311=IFCSTRUCTURALPOINTCONNECTION('2B3CsYOv9BZ9Cudczl6TUJ',#1,'2',$,$,#310,#309,$,$);
/* Node 3 */
#312=IFCCARTESIANPOINT((6000.000000000000000000,0.000000000000000000,6000.000000000000000000));
#313=IFCVERTEXPOINT(#312);
#314=IFCTOPOLOGYREPRESENTATION(#53,'Axis','Vertex',(#313));
#315=IFCPRODUCTDEFINITIONSHAPE($,$,(#314));
#316=IFCLOCALPLACEMENT(#71,#54);
#317=IFCSTRUCTURALPOINTCONNECTION('0k1GO4upLCEPJsak0z6hem',#1,'3',$,$,#316,#315,$,$);
/* Node 4 */
#318=IFCCARTESIANPOINT((6000.000000000000000000,0.000000000000000000,0.000000000000000000));
#319=IFCVERTEXPOINT(#318);
#320=IFCTOPOLOGYREPRESENTATION(#53,'Axis','Vertex',(#319));
#321=IFCPRODUCTDEFINITIONSHAPE($,$,(#320));
#322=IFCLOCALPLACEMENT(#71,#54);
#323=IFCSTRUCTURALPOINTCONNECTION('3C68ihOuPDW8uhKlZaMuj2',#1,'4',$,$,#322,#321,$,$);
/* Node 5 */
#324=IFCCARTESIANPOINT((0.000000000000000000,5000.000000000000000000,0.000000000000000000));
#325=IFCVERTEXPOINT(#324);
#326=IFCTOPOLOGYREPRESENTATION(#53,'Axis','Vertex',(#325));
#327=IFCPRODUCTDEFINITIONSHAPE($,$,(#326));
#328=IFCLOCALPLACEMENT(#71,#54);
#329=IFCSTRUCTURALPOINTCONNECTION('0k5ZuoB3LFt8eU$eLEuOje',#1,'5',$,$,#328,#327,$,$);
/* Node 6 */
#330=IFCCARTESIANPOINT((0.000000000000000000,5000.000000000000000000,6000.000000000000000000));
#331=IFCVERTEXPOINT(#330);
#332=IFCTOPOLOGYREPRESENTATION(#53,'Axis','Vertex',(#331));
#333=IFCPRODUCTDEFINITIONSHAPE($,$,(#332));
#334=IFCLOCALPLACEMENT(#71,#54);
#335=IFCSTRUCTURALPOINTCONNECTION('2H3_Oaue14leVsCktyGl4w',#1,'6',$,$,#334,#333,$,$);
/* Node 7 */
#336=IFCCARTESIANPOINT((6000.000000000000000000,5000.000000000000000000,0.000000000000000000));
#337=IFCVERTEXPOINT(#336);
#338=IFCTOPOLOGYREPRESENTATION(#53,'Axis','Vertex',(#337));
#339=IFCPRODUCTDEFINITIONSHAPE($,$,(#338));
#340=IFCLOCALPLACEMENT(#71,#54);
#341=IFCSTRUCTURALPOINTCONNECTION('0Z4GZiYzHC7RMj$93BWCLc',#1,'7',$,$,#340,#339,$,$);
/* Node 8 */
#342=IFCCARTESIANPOINT((6000.000000000000000000,5000.000000000000000000,6000.000000000000000000));
#343=IFCVERTEXPOINT(#342);
#344=IFCTOPOLOGYREPRESENTATION(#53,'Axis','Vertex',(#343));
#345=IFCPRODUCTDEFINITIONSHAPE($,$,(#344));
#346=IFCLOCALPLACEMENT(#71,#54);
#347=IFCSTRUCTURALPOINTCONNECTION('36537$mZb4whsied8NpteS',#1,'8',$,$,#346,#345,$,$);
/* Node 9 */
#348=IFCCARTESIANPOINT((3000.000000000000000000,5000.000000000000000000,6000.000000000000000000));
#349=IFCVERTEXPOINT(#348);
#350=IFCTOPOLOGYREPRESENTATION(#53,'Axis','Vertex',(#349));
#351=IFCPRODUCTDEFINITIONSHAPE($,$,(#350));
#352=IFCLOCALPLACEMENT(#71,#54);
#353=IFCSTRUCTURALPOINTCONNECTION('2K6AGhFFz6V9NYK8UrVAuE',#1,'9',$,$,#352,#351,$,$);
/* Node 10 */
#354=IFCCARTESIANPOINT((3000.000000000000000000,0.000000000000000000,6000.000000000000000000));
#355=IFCVERTEXPOINT(#354);
#356=IFCTOPOLOGYREPRESENTATION(#53,'Axis','Vertex',(#355));
#357=IFCPRODUCTDEFINITIONSHAPE($,$,(#356));
#358=IFCLOCALPLACEMENT(#71,#54);
#359=IFCSTRUCTURALPOINTCONNECTION('2y6EJGfYHEie$4sM9_s2nw',#1,'10',$,$,#358,#357,$,$);
/* Node 11 */
#360=IFCCARTESIANPOINT((4500.000000000000000000,5000.000000000000000000,6000.000000000000000000));
#361=IFCVERTEXPOINT(#360);
#362=IFCTOPOLOGYREPRESENTATION(#53,'Axis','Vertex',(#361));
#363=IFCPRODUCTDEFINITIONSHAPE($,$,(#362));
#364=IFCLOCALPLACEMENT(#71,#54);
#365=IFCSTRUCTURALPOINTCONNECTION('1r6324rZLB7ReTd25OCy7G',#1,'11',$,$,#364,#363,$,$);
/* Node 12 */
#366=IFCCARTESIANPOINT((4500.000000000000000000,0.000000000000000000,6000.000000000000000000));
#367=IFCVERTEXPOINT(#366);
#368=IFCTOPOLOGYREPRESENTATION(#53,'Axis','Vertex',(#367));
#369=IFCPRODUCTDEFINITIONSHAPE($,$,(#368));
#370=IFCLOCALPLACEMENT(#71,#54);
#371=IFCSTRUCTURALPOINTCONNECTION('2k1KS6IR5AXfXhZTg531Iz',#1,'12',$,$,#370,#369,$,$);
/* Node 13 */
#372=IFCCARTESIANPOINT((1500.000000000000000000,5000.000000000000000000,6000.000000000000000000));
#373=IFCVERTEXPOINT(#372);
#374=IFCTOPOLOGYREPRESENTATION(#53,'Axis','Vertex',(#373));
#375=IFCPRODUCTDEFINITIONSHAPE($,$,(#374));
#376=IFCLOCALPLACEMENT(#71,#54);
#377=IFCSTRUCTURALPOINTCONNECTION('0v5ZgACGz7U92mocuLJyDm',#1,'13',$,$,#376,#375,$,$);
/* Node 14 */
#378=IFCCARTESIANPOINT((1500.000000000000000000,0.000000000000000000,6000.000000000000000000));
#379=IFCVERTEXPOINT(#378);
#380=IFCTOPOLOGYREPRESENTATION(#53,'Axis','Vertex',(#379));
#381=IFCPRODUCTDEFINITIONSHAPE($,$,(#380));
#382=IFCLOCALPLACEMENT(#71,#54);
#383=IFCSTRUCTURALPOINTCONNECTION('1t0TWrBNvAsO3jf$OSfilB',#1,'14',$,$,#382,#381,$,$);

/*  S E C T I O N   P R O P E R T I E S  */
/* Section 1 - 200 UC 46.2
 */
#400=IFCISHAPEPROFILEDEF(.AREA.,'200 UC 46.2',#63,203.0000000000,203.0000000000,7.3000000000,11.0000000000,11.4000000000,0.0000000000,0.0000000000);
/* | Relationship: Section - Library & Section Properties | */
#401=IFCPROPERTYSINGLEVALUE('Section library','SPACE GASS Section library',IFCTEXT('Aust300'),$);
#402=IFCPROPERTYSET('1F34xWzIjFqhzsxUm19HLA',#1,'Section Property Set','Section.Properties',(#401));
#403=IFCPROPERTYSINGLEVALUE('CrossSectionArea','A',IFCAREAMEASURE(5900.0000000000),$);
#404=IFCPROPERTYSINGLEVALUE('TorsionalConstantX','J',IFCMOMENTOFINERTIAMEASURE(228000.0000000000),$);
#405=IFCPROPERTYSINGLEVALUE('MomentOfInertiaY','IY',IFCMOMENTOFINERTIAMEASURE(15300000.0000000000),$);
#406=IFCPROPERTYSINGLEVALUE('MomentOfInertiaZ','IZ',IFCMOMENTOFINERTIAMEASURE(45900000.0000000000),$);
#407=IFCPROPERTYSINGLEVALUE('ShearDeformationAreaY','AY',IFCAREAMEASURE(-1.0000000000),$);
#408=IFCPROPERTYSINGLEVALUE('ShearDeformationAreaZ','AZ',IFCAREAMEASURE(-1.0000000000),$);
#409=IFCPROFILEPROPERTIES('Pset_ProfileMechanical','Section Properties',(#403,#404,#405,#406,#407,#408),#400);

/* Section 2 - 219.1x6.4 CHS
 */
#410=IFCCIRCLEHOLLOWPROFILEDEF(.AREA.,'219.1x6.4 CHS',#63,109.5500000000,6.4000000000);
/* | Relationship: Section - Library & Section Properties | */
#411=IFCPROPERTYSINGLEVALUE('Section library','SPACE GASS Section library',IFCTEXT('Aust300'),$);
#412=IFCPROPERTYSET('1c0eXuyOj2NvIjzZgXdK1D',#1,'Section Property Set','Section.Properties',(#411));
#413=IFCPROPERTYSINGLEVALUE('CrossSectionArea','A',IFCAREAMEASURE(4280.0000000000),$);
#414=IFCPROPERTYSINGLEVALUE('TorsionalConstantX','J',IFCMOMENTOFINERTIAMEASURE(48400000.0000000000),$);
#415=IFCPROPERTYSINGLEVALUE('MomentOfInertiaY','IY',IFCMOMENTOFINERTIAMEASURE(24200000.0000000000),$);
#416=IFCPROPERTYSINGLEVALUE('MomentOfInertiaZ','IZ',IFCMOMENTOFINERTIAMEASURE(24200000.0000000000),$);
#417=IFCPROPERTYSINGLEVALUE('ShearDeformationAreaY','AY',IFCAREAMEASURE(-1.0000000000),$);
#418=IFCPROPERTYSINGLEVALUE('ShearDeformationAreaZ','AZ',IFCAREAMEASURE(-1.0000000000),$);
#419=IFCPROFILEPROPERTIES('Pset_ProfileMechanical','Section Properties',(#413,#414,#415,#416,#417,#418),#410);

/* Section 3 - 310 UB 40.4
 */
#420=IFCISHAPEPROFILEDEF(.AREA.,'310 UB 40.4',#63,165.0000000000,304.0000000000,6.1000000000,10.2000000000,11.4000000000,0.0000000000,0.0000000000);
/* | Relationship: Section - Library & Section Properties | */
#421=IFCPROPERTYSINGLEVALUE('Section library','SPACE GASS Section library',IFCTEXT('Aust300'),$);
#422=IFCPROPERTYSET('3_18IXXuD05v_gGa$c3Tab',#1,'Section Property Set','Section.Properties',(#421));
#423=IFCPROPERTYSINGLEVALUE('CrossSectionArea','A',IFCAREAMEASURE(5210.0000000000),$);
#424=IFCPROPERTYSINGLEVALUE('TorsionalConstantX','J',IFCMOMENTOFINERTIAMEASURE(157000.0000000000),$);
#425=IFCPROPERTYSINGLEVALUE('MomentOfInertiaY','IY',IFCMOMENTOFINERTIAMEASURE(7650000.0000000000),$);
#426=IFCPROPERTYSINGLEVALUE('MomentOfInertiaZ','IZ',IFCMOMENTOFINERTIAMEASURE(86400000.0000000000),$);
#427=IFCPROPERTYSINGLEVALUE('ShearDeformationAreaY','AY',IFCAREAMEASURE(-1.0000000000),$);
#428=IFCPROPERTYSINGLEVALUE('ShearDeformationAreaZ','AZ',IFCAREAMEASURE(-1.0000000000),$);
#429=IFCPROFILEPROPERTIES('Pset_ProfileMechanical','Section Properties',(#423,#424,#425,#426,#427,#428),#420);

/* Section 4 - 90*10 EA
 */
#430=IFCCARTESIANPOINT((-64.29999923706,-25.70000076294));
#431=IFCCARTESIANPOINT((25.70000076294,-25.70000076294));
#432=IFCCARTESIANPOINT((25.70000076294,64.29999923706));
#433=IFCCARTESIANPOINT((16.20000076294,64.29999923706));
#434=IFCCARTESIANPOINT((16.20000076294,-8.20000076294));
#435=IFCCARTESIANPOINT((16.16147857632,-8.98413788558));
#436=IFCCARTESIANPOINT((16.04628300617,-9.76072333907));
#437=IFCCARTESIANPOINT((15.8555234488,-10.52227818098));
#438=IFCCARTESIANPOINT((15.59103702303,-11.26146822186));
#439=IFCCARTESIANPOINT((15.25537087773,-11.97117465755));
#440=IFCCARTESIANPOINT((14.85175766136,-12.6445626271));
#441=IFCCARTESIANPOINT((14.38408438984,-13.27514703625));
#442=IFCCARTESIANPOINT((13.85685501243,-13.85685501243));
#443=IFCCARTESIANPOINT((13.27514703625,-14.38408438984));
#444=IFCCARTESIANPOINT((12.6445626271,-14.85175766136));
#445=IFCCARTESIANPOINT((11.97117465755,-15.25537087773));
#446=IFCCARTESIANPOINT((11.26146822186,-15.59103702303));
#447=IFCCARTESIANPOINT((10.52227818098,-15.8555234488));
#448=IFCCARTESIANPOINT((9.76072333907,-16.04628300617));
#449=IFCCARTESIANPOINT((8.98413788558,-16.16147857632));
#450=IFCCARTESIANPOINT((8.20000076294,-16.20000076294));
#451=IFCCARTESIANPOINT((-64.29999923706,-16.20000076294));
#452=IFCCARTESIANPOINT((-64.29999923706,-25.70000076294));
#453=IFCPOLYLINE((#430,#431,#432,#433,#434,#435,#436,#437,#438,#439,#440,#441,#442,#443,#444,#445,#446,#447,#448,#449,#450,#451,#452));
#454=IFCARBITRARYCLOSEDPROFILEDEF(.AREA.,'90*10 EA',#453);
/* | Relationship: Section - Library & Section Properties | */
#455=IFCPROPERTYSINGLEVALUE('Section library','SPACE GASS Section library',IFCTEXT('Aust300'),$);
#456=IFCPROPERTYSET('3Z2$kgZgj3PB7KeT1572Iq',#1,'Section Property Set','Section.Properties',(#455));
#457=IFCPROPERTYSINGLEVALUE('CrossSectionArea','A',IFCAREAMEASURE(1620.0000000000),$);
#458=IFCPROPERTYSINGLEVALUE('TorsionalConstantX','J',IFCMOMENTOFINERTIAMEASURE(50500.0000000000),$);
#459=IFCPROPERTYSINGLEVALUE('MomentOfInertiaY','IY',IFCMOMENTOFINERTIAMEASURE(1215000.0000000000),$);
#460=IFCPROPERTYSINGLEVALUE('MomentOfInertiaZ','IZ',IFCMOMENTOFINERTIAMEASURE(1930000.0000000000),$);
#461=IFCPROPERTYSINGLEVALUE('ShearDeformationAreaY','AY',IFCAREAMEASURE(-1.0000000000),$);
#462=IFCPROPERTYSINGLEVALUE('ShearDeformationAreaZ','AZ',IFCAREAMEASURE(-1.0000000000),$);
#463=IFCPROFILEPROPERTIES('Pset_ProfileMechanical','Section Properties',(#457,#458,#459,#460,#461,#462),#454);

/* Section 5 - 89*5 SHS
 */
#464=IFCRECTANGLEHOLLOWPROFILEDEF(.AREA.,'89*5 SHS',#63,89.0000000000,89.0000000000,5.0000000000,$,$);
/* | Relationship: Section - Library & Section Properties | */
#465=IFCPROPERTYSINGLEVALUE('Section library','SPACE GASS Section library',IFCTEXT('Aust300'),$);
#466=IFCPROPERTYSET('3n1olW84z7ngrVZAkm26Bs',#1,'Section Property Set','Section.Properties',(#465));
#467=IFCPROPERTYSINGLEVALUE('CrossSectionArea','A',IFCAREAMEASURE(1590.0000000000),$);
#468=IFCPROPERTYSINGLEVALUE('TorsionalConstantX','J',IFCMOMENTOFINERTIAMEASURE(3060000.0000000000),$);
#469=IFCPROPERTYSINGLEVALUE('MomentOfInertiaY','IY',IFCMOMENTOFINERTIAMEASURE(1820000.0000000000),$);
#470=IFCPROPERTYSINGLEVALUE('MomentOfInertiaZ','IZ',IFCMOMENTOFINERTIAMEASURE(1820000.0000000000),$);
#471=IFCPROPERTYSINGLEVALUE('ShearDeformationAreaY','AY',IFCAREAMEASURE(-1.0000000000),$);
#472=IFCPROPERTYSINGLEVALUE('ShearDeformationAreaZ','AZ',IFCAREAMEASURE(-1.0000000000),$);
#473=IFCPROFILEPROPERTIES('Pset_ProfileMechanical','Section Properties',(#467,#468,#469,#470,#471,#472),#464);


/*  M A T E R I A L S  */

/* Material 1 : STEEL */
#475=IFCMATERIAL('STEEL','Aust','1');
#476=IFCPROPERTYSINGLEVALUE('YoungModulus',$,IFCMODULUSOFELASTICITYMEASURE(200000.0000000000),$);
#477=IFCPROPERTYSINGLEVALUE('PoissonRatio',$,IFCPOSITIVERATIOMEASURE(0.2500000000),$);
#478=IFCPROPERTYSINGLEVALUE('MassDensity',$,IFCMASSDENSITYMEASURE(0.00000000785),$);
#479=IFCPROPERTYSINGLEVALUE('ThermalExpansionCoefficient',$,IFCTHERMALEXPANSIONCOEFFICIENTMEASURE(0.0000117000),$);
#480=IFCMATERIALPROPERTIES('Pset_MaterialMechanical',$,(#476,#477,#478,#479),#475);


/*  P L A T E S  */

/*  M E M B E R S  */
/* Default Member Fixity FFFFFF */
#600=IFCBOUNDARYNODECONDITION('Member Release Default FFFFFF',IFCBOOLEAN(.T.),IFCBOOLEAN(.T.),IFCBOOLEAN(.T.),IFCBOOLEAN(.T.),IFCBOOLEAN(.T.),IFCBOOLEAN(.T.));

/* MEMBER NO 1 */
/* Directional local To Global */
#601=IFCDIRECTION((0.000000000000000000,0.000000000000000000,1.000000000000000000));
#602=IFCDIRECTION((0.000000000000000000,1.000000000000000000,0.000000000000000000));
#603=IFCDIRECTION((1.000000000000000000,0.000000000000000000,0.000000000000000000));
#604=IFCAXIS2PLACEMENT3D(#300,#601,#603);
/* Analytical Model */
#605=IFCLOCALPLACEMENT(#71,#604);
#606=IFCEDGE(#301,#307);
#607=IFCTOPOLOGYREPRESENTATION(#53,'Axis','Edge',(#606));
#608=IFCPRODUCTDEFINITIONSHAPE($,$,(#607));
#609=IFCLOCALPLACEMENT(#304,#604);
#610=IFCSTRUCTURALCURVEMEMBER('0462PcRynCPxhYfMfGqFqh',#1,'1','200 UC 46.2',$,#71,#608,.RIGID_JOINED_MEMBER.,#602);
#611=IFCCOLOURRGB($,0.0000000000,0.0000000000,1.0000000000);
#612=IFCSURFACESTYLESHADING(#611,$);
#613=IFCSURFACESTYLE($,.POSITIVE.,(#612));
#614=IFCSTYLEDITEM(#606,(#613));
#615=IFCCARTESIANPOINT((0.000000000000000000,0.000000000000000000,0.000000000000000000));
#616=IFCAXIS2PLACEMENT3D(#615,#602,#601);
#617=IFCRELCONNECTSSTRUCTURALMEMBER('3M1qm7VfLBlQQyWbnWe1Yq',#1,'Member 1 Node 1','Start',#610,#305,#600,$,$,$);
#618=IFCRELCONNECTSSTRUCTURALMEMBER('0s2EhSyJbBbuYyTKNszPoE',#1,'Member 1 Node 2','End',#610,#311,#600,$,$,$);
/* Physical */
#619=IFCEXTRUDEDAREASOLID(#400,#604,#62,6000.0000000000);
#620=IFCCOLOURRGB($,0.0000000000,0.0000000000,1.0000000000);
#621=IFCSURFACESTYLESHADING(#620,$);
#622=IFCSURFACESTYLE($,.POSITIVE.,(#621));
#623=IFCSTYLEDITEM(#619,(#622));
#624=IFCSHAPEREPRESENTATION(#53,'Body','SweptSolid',(#619));
#625=IFCCARTESIANTRANSFORMATIONOPERATOR3D($,$,#55,1.0000000000,$);
#626=IFCAXIS2PLACEMENT3D(#55,$,$);
#627=IFCREPRESENTATIONMAP(#626,#624);
#628=IFCMAPPEDITEM(#627,#625);
#629=IFCSHAPEREPRESENTATION(#53,'Body','MappedRepresentation',(#628));
#630=IFCPRODUCTDEFINITIONSHAPE($,$,(#629));
#631=IFCLOCALPLACEMENT(#71,#54);
#632=IFCCOLUMN('0B5ML_1cnAvfobLpqOb3dL',#1,'1','200 UC 46.2',$,#631,#630,'COLUMN',.COLUMN.);
/* --Material-- */
#633=IFCMATERIALPROFILE('Name','Description',#475,#400,$,$);
#634=IFCMATERIALPROFILESET('Name','Description',(#633),$);
#635=IFCMATERIALPROFILESETUSAGE(#634,10,0.0000000000);
/* --Relationship from the structural and physical member to the material and section-- */
#636=IFCRELASSOCIATESMATERIAL('182aQhtSn1M8QX0dTdDgsB',#1,'Physical/Structural to material relationship',$,(#610,#632),#635);
/* | Relationship: Physical - Structural | */
#637=IFCRELASSIGNSTOPRODUCT('071FMkFQ9BkBRItnVOobvi',#1,'Relationship from physical to structuralMember',$,(#632),.PRODUCT.,#610);

/* MEMBER NO 2 */
/* Directional local To Global */
#638=IFCDIRECTION((1.000000000000000000,0.000000000000000000,0.000000000000000000));
#639=IFCDIRECTION((0.000000000000000000,0.0000000000000000612,1.000000000000000000));
#640=IFCDIRECTION((0.000000000000000000,1.000000000000000000,-0.0000000000000000612));
#641=IFCAXIS2PLACEMENT3D(#306,#638,#640);
/* Analytical Model */
#642=IFCLOCALPLACEMENT(#71,#641);
#643=IFCEDGE(#307,#379);
#644=IFCTOPOLOGYREPRESENTATION(#53,'Axis','Edge',(#643));
#645=IFCPRODUCTDEFINITIONSHAPE($,$,(#644));
#646=IFCLOCALPLACEMENT(#310,#641);
#647=IFCSTRUCTURALCURVEMEMBER('383QWAXqL2UPvWk4W1uD76',#1,'2','310 UB 40.4',$,#71,#645,.RIGID_JOINED_MEMBER.,#639);
#648=IFCCOLOURRGB($,0.50196078431,0.0000000000,0.0000000000);
#649=IFCSURFACESTYLESHADING(#648,$);
#650=IFCSURFACESTYLE($,.POSITIVE.,(#649));
#651=IFCSTYLEDITEM(#643,(#650));
#652=IFCCARTESIANPOINT((0.000000000000000000,0.000000000000000000,0.000000000000000000));
#653=IFCAXIS2PLACEMENT3D(#652,#639,#638);
/* Node A Fixity */
#654=IFCBOUNDARYNODECONDITION('End A FFFFRR',IFCBOOLEAN(.T.),IFCBOOLEAN(.T.),IFCBOOLEAN(.T.),IFCBOOLEAN(.T.),IFCBOOLEAN(.F.),IFCBOOLEAN(.F.));
#655=IFCRELCONNECTSSTRUCTURALMEMBER('214BPzTR56Gfdhvqg2lSlU',#1,'Member 2 Node 2','Start',#647,#311,#654,$,$,$);
#656=IFCRELCONNECTSSTRUCTURALMEMBER('0Q0Etv0ST9KOy$pjUWl3Hp',#1,'Member 2 Node 14','End',#647,#383,#600,$,$,$);
/* Physical */
#657=IFCEXTRUDEDAREASOLID(#420,#641,#62,1500.0000000000);
#658=IFCCOLOURRGB($,0.50196078431,0.0000000000,0.0000000000);
#659=IFCSURFACESTYLESHADING(#658,$);
#660=IFCSURFACESTYLE($,.POSITIVE.,(#659));
#661=IFCSTYLEDITEM(#657,(#660));
#662=IFCSHAPEREPRESENTATION(#53,'Body','SweptSolid',(#657));
#663=IFCCARTESIANTRANSFORMATIONOPERATOR3D($,$,#55,1.0000000000,$);
#664=IFCAXIS2PLACEMENT3D(#55,$,$);
#665=IFCREPRESENTATIONMAP(#664,#662);
#666=IFCMAPPEDITEM(#665,#663);
#667=IFCSHAPEREPRESENTATION(#53,'Body','MappedRepresentation',(#666));
#668=IFCPRODUCTDEFINITIONSHAPE($,$,(#667));
#669=IFCLOCALPLACEMENT(#71,#54);
#670=IFCBEAM('2c1gvxSfnA_hgxC4Hkkerh',#1,'2','310 UB 40.4',$,#669,#668,'BEAM',.BEAM.);
/* --Material-- */
#671=IFCMATERIALPROFILE('Name','Description',#475,#420,$,$);
#672=IFCMATERIALPROFILESET('Name','Description',(#671),$);
#673=IFCMATERIALPROFILESETUSAGE(#672,10,0.0000000000);
/* --Relationship from the structural and physical member to the material and section-- */
#674=IFCRELASSOCIATESMATERIAL('2A5tqI$wH7NBByGAVnwMMV',#1,'Physical/Structural to material relationship',$,(#647,#670),#673);
/* | Relationship: Physical - Structural | */
#675=IFCRELASSIGNSTOPRODUCT('3y0pRqUcD9ZfqpKo3NHweY',#1,'Relationship from physical to structuralMember',$,(#670),.PRODUCT.,#647);

/* MEMBER NO 3 */
/* Directional local To Global */
#676=IFCDIRECTION((0.000000000000000000,0.000000000000000000,1.000000000000000000));
#677=IFCDIRECTION((0.000000000000000000,1.000000000000000000,0.000000000000000000));
#678=IFCDIRECTION((1.000000000000000000,0.000000000000000000,0.000000000000000000));
#679=IFCAXIS2PLACEMENT3D(#318,#676,#678);
/* Analytical Model */
#680=IFCLOCALPLACEMENT(#71,#679);
#681=IFCEDGE(#319,#313);
#682=IFCTOPOLOGYREPRESENTATION(#53,'Axis','Edge',(#681));
#683=IFCPRODUCTDEFINITIONSHAPE($,$,(#682));
#684=IFCLOCALPLACEMENT(#322,#679);
#685=IFCSTRUCTURALCURVEMEMBER('1H2jHmjQL4kQ0lElEkNjPi',#1,'3','219.1x6.4 CHS',$,#71,#683,.RIGID_JOINED_MEMBER.,#677);
#686=IFCCOLOURRGB($,1.0000000000,0.0000000000,1.0000000000);
#687=IFCSURFACESTYLESHADING(#686,$);
#688=IFCSURFACESTYLE($,.POSITIVE.,(#687));
#689=IFCSTYLEDITEM(#681,(#688));
#690=IFCCARTESIANPOINT((0.000000000000000000,0.000000000000000000,0.000000000000000000));
#691=IFCAXIS2PLACEMENT3D(#690,#677,#676);
#692=IFCRELCONNECTSSTRUCTURALMEMBER('3A16jgGvv6_fT1j8fQ7015',#1,'Member 3 Node 4','Start',#685,#323,#600,$,$,$);
#693=IFCRELCONNECTSSTRUCTURALMEMBER('3627taTXz6RxyJEKQSlacR',#1,'Member 3 Node 3','End',#685,#317,#600,$,$,$);
/* Physical */
#694=IFCEXTRUDEDAREASOLID(#410,#679,#62,6000.0000000000);
#695=IFCCOLOURRGB($,1.0000000000,0.0000000000,1.0000000000);
#696=IFCSURFACESTYLESHADING(#695,$);
#697=IFCSURFACESTYLE($,.POSITIVE.,(#696));
#698=IFCSTYLEDITEM(#694,(#697));
#699=IFCSHAPEREPRESENTATION(#53,'Body','SweptSolid',(#694));
#700=IFCCARTESIANTRANSFORMATIONOPERATOR3D($,$,#55,1.0000000000,$);
#701=IFCAXIS2PLACEMENT3D(#55,$,$);
#702=IFCREPRESENTATIONMAP(#701,#699);
#703=IFCMAPPEDITEM(#702,#700);
#704=IFCSHAPEREPRESENTATION(#53,'Body','MappedRepresentation',(#703));
#705=IFCPRODUCTDEFINITIONSHAPE($,$,(#704));
#706=IFCLOCALPLACEMENT(#71,#54);
#707=IFCCOLUMN('3s0$hrltv4Fug6$i0USC8R',#1,'3','219.1x6.4 CHS',$,#706,#705,'COLUMN',.COLUMN.);
/* --Material-- */
#708=IFCMATERIALPROFILE('Name','Description',#475,#410,$,$);
#709=IFCMATERIALPROFILESET('Name','Description',(#708),$);
#710=IFCMATERIALPROFILESETUSAGE(#709,10,0.0000000000);
/* --Relationship from the structural and physical member to the material and section-- */
#711=IFCRELASSOCIATESMATERIAL('2l63$ve$5ENv7pnb4iqSUq',#1,'Physical/Structural to material relationship',$,(#685,#707),#710);
/* | Relationship: Physical - Structural | */
#712=IFCRELASSIGNSTOPRODUCT('2G4sgKKFnE6P2ixWApi0Ky',#1,'Relationship from physical to structuralMember',$,(#707),.PRODUCT.,#685);

/* MEMBER NO 4 */
/* Directional local To Global */
#713=IFCDIRECTION((0.000000000000000000,0.000000000000000000,1.000000000000000000));
#714=IFCDIRECTION((0.000000000000000000,1.000000000000000000,0.000000000000000000));
#715=IFCDIRECTION((1.000000000000000000,0.000000000000000000,0.000000000000000000));
#716=IFCAXIS2PLACEMENT3D(#324,#713,#715);
/* Analytical Model */
#717=IFCLOCALPLACEMENT(#71,#716);
#718=IFCEDGE(#325,#331);
#719=IFCTOPOLOGYREPRESENTATION(#53,'Axis','Edge',(#718));
#720=IFCPRODUCTDEFINITIONSHAPE($,$,(#719));
#721=IFCLOCALPLACEMENT(#328,#716);
#722=IFCSTRUCTURALCURVEMEMBER('143HvOV_99VhzDsR4OLF7K',#1,'4','200 UC 46.2',$,#71,#720,.RIGID_JOINED_MEMBER.,#714);
#723=IFCCOLOURRGB($,0.0000000000,0.0000000000,1.0000000000);
#724=IFCSURFACESTYLESHADING(#723,$);
#725=IFCSURFACESTYLE($,.POSITIVE.,(#724));
#726=IFCSTYLEDITEM(#718,(#725));
#727=IFCCARTESIANPOINT((0.000000000000000000,0.000000000000000000,0.000000000000000000));
#728=IFCAXIS2PLACEMENT3D(#727,#714,#713);
#729=IFCRELCONNECTSSTRUCTURALMEMBER('2n0OSAyPf8WOXFJVEVG82v',#1,'Member 4 Node 5','Start',#722,#329,#600,$,$,$);
#730=IFCRELCONNECTSSTRUCTURALMEMBER('3f3wfFnnzBpuU5sxgsSiZT',#1,'Member 4 Node 6','End',#722,#335,#600,$,$,$);
/* Physical */
#731=IFCEXTRUDEDAREASOLID(#400,#716,#62,6000.0000000000);
#732=IFCCOLOURRGB($,0.0000000000,0.0000000000,1.0000000000);
#733=IFCSURFACESTYLESHADING(#732,$);
#734=IFCSURFACESTYLE($,.POSITIVE.,(#733));
#735=IFCSTYLEDITEM(#731,(#734));
#736=IFCSHAPEREPRESENTATION(#53,'Body','SweptSolid',(#731));
#737=IFCCARTESIANTRANSFORMATIONOPERATOR3D($,$,#55,1.0000000000,$);
#738=IFCAXIS2PLACEMENT3D(#55,$,$);
#739=IFCREPRESENTATIONMAP(#738,#736);
#740=IFCMAPPEDITEM(#739,#737);
#741=IFCSHAPEREPRESENTATION(#53,'Body','MappedRepresentation',(#740));
#742=IFCPRODUCTDEFINITIONSHAPE($,$,(#741));
#743=IFCLOCALPLACEMENT(#71,#54);
#744=IFCCOLUMN('1L1SxtBbH7TBjKyoHmu1nB',#1,'4','200 UC 46.2',$,#743,#742,'COLUMN',.COLUMN.);
/* --Material-- */
#745=IFCMATERIALPROFILE('Name','Description',#475,#400,$,$);
#746=IFCMATERIALPROFILESET('Name','Description',(#745),$);
#747=IFCMATERIALPROFILESETUSAGE(#746,10,0.0000000000);
/* --Relationship from the structural and physical member to the material and section-- */
#748=IFCRELASSOCIATESMATERIAL('2z2$NQK4r3jwPr_XDV96YV',#1,'Physical/Structural to material relationship',$,(#722,#744),#747);
/* | Relationship: Physical - Structural | */
#749=IFCRELASSIGNSTOPRODUCT('2G0PXW$q5A9u$$rlpRewD2',#1,'Relationship from physical to structuralMember',$,(#744),.PRODUCT.,#722);

/* MEMBER NO 5 */
/* Directional local To Global */
#750=IFCDIRECTION((0.000000000000000000,0.000000000000000000,1.000000000000000000));
#751=IFCDIRECTION((0.000000000000000000,1.000000000000000000,0.000000000000000000));
#752=IFCDIRECTION((1.000000000000000000,0.000000000000000000,0.000000000000000000));
#753=IFCAXIS2PLACEMENT3D(#336,#750,#752);
/* Analytical Model */
#754=IFCLOCALPLACEMENT(#71,#753);
#755=IFCEDGE(#337,#343);
#756=IFCTOPOLOGYREPRESENTATION(#53,'Axis','Edge',(#755));
#757=IFCPRODUCTDEFINITIONSHAPE($,$,(#756));
#758=IFCLOCALPLACEMENT(#340,#753);
#759=IFCSTRUCTURALCURVEMEMBER('2A28_0Rwb9H8cMsiFFt4R9',#1,'5','219.1x6.4 CHS',$,#71,#757,.RIGID_JOINED_MEMBER.,#751);
#760=IFCCOLOURRGB($,1.0000000000,0.0000000000,1.0000000000);
#761=IFCSURFACESTYLESHADING(#760,$);
#762=IFCSURFACESTYLE($,.POSITIVE.,(#761));
#763=IFCSTYLEDITEM(#755,(#762));
#764=IFCCARTESIANPOINT((0.000000000000000000,0.000000000000000000,0.000000000000000000));
#765=IFCAXIS2PLACEMENT3D(#764,#751,#750);
#766=IFCRELCONNECTSSTRUCTURALMEMBER('1c5WDvKHbA9Ohg88V3oMK$',#1,'Member 5 Node 7','Start',#759,#341,#600,$,$,$);
#767=IFCRELCONNECTSSTRUCTURALMEMBER('0a1zsDEYn7qAYiNvqYwvPj',#1,'Member 5 Node 8','End',#759,#347,#600,$,$,$);
/* Physical */
#768=IFCEXTRUDEDAREASOLID(#410,#753,#62,6000.0000000000);
#769=IFCCOLOURRGB($,1.0000000000,0.0000000000,1.0000000000);
#770=IFCSURFACESTYLESHADING(#769,$);
#771=IFCSURFACESTYLE($,.POSITIVE.,(#770));
#772=IFCSTYLEDITEM(#768,(#771));
#773=IFCSHAPEREPRESENTATION(#53,'Body','SweptSolid',(#768));
#774=IFCCARTESIANTRANSFORMATIONOPERATOR3D($,$,#55,1.0000000000,$);
#775=IFCAXIS2PLACEMENT3D(#55,$,$);
#776=IFCREPRESENTATIONMAP(#775,#773);
#777=IFCMAPPEDITEM(#776,#774);
#778=IFCSHAPEREPRESENTATION(#53,'Body','MappedRepresentation',(#777));
#779=IFCPRODUCTDEFINITIONSHAPE($,$,(#778));
#780=IFCLOCALPLACEMENT(#71,#54);
#781=IFCCOLUMN('1e2BvYPWr3JOLYnDeu963y',#1,'5','219.1x6.4 CHS',$,#780,#779,'COLUMN',.COLUMN.);
/* --Material-- */
#782=IFCMATERIALPROFILE('Name','Description',#475,#410,$,$);
#783=IFCMATERIALPROFILESET('Name','Description',(#782),$);
#784=IFCMATERIALPROFILESETUSAGE(#783,10,0.0000000000);
/* --Relationship from the structural and physical member to the material and section-- */
#785=IFCRELASSOCIATESMATERIAL('3y2_b9fdHBLepTSHj_S6B0',#1,'Physical/Structural to material relationship',$,(#759,#781),#784);
/* | Relationship: Physical - Structural | */
#786=IFCRELASSIGNSTOPRODUCT('215cNcno95r8AS9NpT$sHE',#1,'Relationship from physical to structuralMember',$,(#781),.PRODUCT.,#759);

/* MEMBER NO 6 */
/* Directional local To Global */
#787=IFCDIRECTION((1.000000000000000000,0.000000000000000000,0.000000000000000000));
#788=IFCDIRECTION((0.000000000000000000,0.0000000000000000612,1.000000000000000000));
#789=IFCDIRECTION((0.000000000000000000,1.000000000000000000,-0.0000000000000000612));
#790=IFCAXIS2PLACEMENT3D(#330,#787,#789);
/* Analytical Model */
#791=IFCLOCALPLACEMENT(#71,#790);
#792=IFCEDGE(#331,#373);
#793=IFCTOPOLOGYREPRESENTATION(#53,'Axis','Edge',(#792));
#794=IFCPRODUCTDEFINITIONSHAPE($,$,(#793));
#795=IFCLOCALPLACEMENT(#334,#790);
#796=IFCSTRUCTURALCURVEMEMBER('3i43yJTz91FAeMEC4U17ex',#1,'6','310 UB 40.4',$,#71,#794,.RIGID_JOINED_MEMBER.,#788);
#797=IFCCOLOURRGB($,0.50196078431,0.0000000000,0.0000000000);
#798=IFCSURFACESTYLESHADING(#797,$);
#799=IFCSURFACESTYLE($,.POSITIVE.,(#798));
#800=IFCSTYLEDITEM(#792,(#799));
#801=IFCCARTESIANPOINT((0.000000000000000000,0.000000000000000000,0.000000000000000000));
#802=IFCAXIS2PLACEMENT3D(#801,#788,#787);
/* Node A Fixity */
#803=IFCBOUNDARYNODECONDITION('End A FFFFRR',IFCBOOLEAN(.T.),IFCBOOLEAN(.T.),IFCBOOLEAN(.T.),IFCBOOLEAN(.T.),IFCBOOLEAN(.F.),IFCBOOLEAN(.F.));
#804=IFCRELCONNECTSSTRUCTURALMEMBER('0g15CmqDP8F9xokWYJDza2',#1,'Member 6 Node 6','Start',#796,#335,#803,$,$,$);
#805=IFCRELCONNECTSSTRUCTURALMEMBER('1U4rjjbzXDaAzyB1yIqND9',#1,'Member 6 Node 13','End',#796,#377,#600,$,$,$);
/* Physical */
#806=IFCEXTRUDEDAREASOLID(#420,#790,#62,1500.0000000000);
#807=IFCCOLOURRGB($,0.50196078431,0.0000000000,0.0000000000);
#808=IFCSURFACESTYLESHADING(#807,$);
#809=IFCSURFACESTYLE($,.POSITIVE.,(#808));
#810=IFCSTYLEDITEM(#806,(#809));
#811=IFCSHAPEREPRESENTATION(#53,'Body','SweptSolid',(#806));
#812=IFCCARTESIANTRANSFORMATIONOPERATOR3D($,$,#55,1.0000000000,$);
#813=IFCAXIS2PLACEMENT3D(#55,$,$);
#814=IFCREPRESENTATIONMAP(#813,#811);
#815=IFCMAPPEDITEM(#814,#812);
#816=IFCSHAPEREPRESENTATION(#53,'Body','MappedRepresentation',(#815));
#817=IFCPRODUCTDEFINITIONSHAPE($,$,(#816));
#818=IFCLOCALPLACEMENT(#71,#54);
#819=IFCBEAM('0C3EB0EGb2shZWISyANfxC',#1,'6','310 UB 40.4',$,#818,#817,'BEAM',.BEAM.);
/* --Material-- */
#820=IFCMATERIALPROFILE('Name','Description',#475,#420,$,$);
#821=IFCMATERIALPROFILESET('Name','Description',(#820),$);
#822=IFCMATERIALPROFILESETUSAGE(#821,10,0.0000000000);
/* --Relationship from the structural and physical member to the material and section-- */
#823=IFCRELASSOCIATESMATERIAL('371Ox1k0vDrBgx05kY5oDN',#1,'Physical/Structural to material relationship',$,(#796,#819),#822);
/* | Relationship: Physical - Structural | */
#824=IFCRELASSIGNSTOPRODUCT('1R5yeGwBvElfqqX78F9lAk',#1,'Relationship from physical to structuralMember',$,(#819),.PRODUCT.,#796);

/* MEMBER NO 7 */
/* Directional local To Global */
#825=IFCDIRECTION((0.000000000000000000,0.640184399664480000,0.768221279597376000));
#826=IFCDIRECTION((0.000000000000000000,0.768221279597376000,-0.640184399664480000));
#827=IFCDIRECTION((1.000000000000000000,0.000000000000000000,0.000000000000000000));
#828=IFCAXIS2PLACEMENT3D(#300,#825,#827);
/* Analytical Model */
#829=IFCLOCALPLACEMENT(#71,#828);
#830=IFCEDGE(#301,#331);
#831=IFCTOPOLOGYREPRESENTATION(#53,'Axis','Edge',(#830));
#832=IFCPRODUCTDEFINITIONSHAPE($,$,(#831));
#833=IFCLOCALPLACEMENT(#304,#828);
#834=IFCSTRUCTURALCURVEMEMBER('2g0JttQu5F0wf9qG3bQ7Fp',#1,'7','90*10 EA',$,#71,#832,.TENSION_MEMBER.,#826);
#835=IFCCOLOURRGB($,0.50196078431,0.50196078431,0.0000000000);
#836=IFCSURFACESTYLESHADING(#835,$);
#837=IFCSURFACESTYLE($,.POSITIVE.,(#836));
#838=IFCSTYLEDITEM(#830,(#837));
#839=IFCCARTESIANPOINT((0.000000000000000000,0.000000000000000000,0.000000000000000000));
#840=IFCAXIS2PLACEMENT3D(#839,#826,#825);
/* Node A Fixity */
#841=IFCBOUNDARYNODECONDITION('End A FFFFRR',IFCBOOLEAN(.T.),IFCBOOLEAN(.T.),IFCBOOLEAN(.T.),IFCBOOLEAN(.T.),IFCBOOLEAN(.F.),IFCBOOLEAN(.F.));
/* Node B Fixity */
#842=IFCBOUNDARYNODECONDITION('End B FFFFRR',IFCBOOLEAN(.T.),IFCBOOLEAN(.T.),IFCBOOLEAN(.T.),IFCBOOLEAN(.T.),IFCBOOLEAN(.F.),IFCBOOLEAN(.F.));
#843=IFCRELCONNECTSSTRUCTURALMEMBER('0W2cWBJYXFQvEhLEwbHM$e',#1,'Member 7 Node 1','Start',#834,#305,#841,$,$,$);
#844=IFCRELCONNECTSSTRUCTURALMEMBER('2l59CzmBHB1fYmW21kuU59',#1,'Member 7 Node 6','End',#834,#335,#842,$,$,$);
/* Physical */
#845=IFCEXTRUDEDAREASOLID(#454,#828,#62,7810.24967590665);
#846=IFCCOLOURRGB($,0.50196078431,0.50196078431,0.0000000000);
#847=IFCSURFACESTYLESHADING(#846,$);
#848=IFCSURFACESTYLE($,.POSITIVE.,(#847));
#849=IFCSTYLEDITEM(#845,(#848));
#850=IFCSHAPEREPRESENTATION(#53,'Body','SweptSolid',(#845));
#851=IFCCARTESIANTRANSFORMATIONOPERATOR3D($,$,#55,1.0000000000,$);
#852=IFCAXIS2PLACEMENT3D(#55,$,$);
#853=IFCREPRESENTATIONMAP(#852,#850);
#854=IFCMAPPEDITEM(#853,#851);
#855=IFCSHAPEREPRESENTATION(#53,'Body','MappedRepresentation',(#854));
#856=IFCPRODUCTDEFINITIONSHAPE($,$,(#855));
#857=IFCLOCALPLACEMENT(#71,#54);
#858=IFCMEMBER('1727mKxHbCIAFrFntHk4QY',#1,'7','90*10 EA',$,#857,#856,'MEMBER',.MEMBER.);
/* --Material-- */
#859=IFCMATERIALPROFILE('Name','Description',#475,#454,$,$);
#860=IFCMATERIALPROFILESET('Name','Description',(#859),$);
#861=IFCMATERIALPROFILESETUSAGE(#860,10,0.0000000000);
/* --Relationship from the structural and physical member to the material and section-- */
#862=IFCRELASSOCIATESMATERIAL('0x4gksilr31PYMBz7rYAl9',#1,'Physical/Structural to material relationship',$,(#834,#858),#861);
/* | Relationship: Physical - Structural | */
#863=IFCRELASSIGNSTOPRODUCT('1G1b9vcP5DNujglhQuJRYs',#1,'Relationship from physical to structuralMember',$,(#858),.PRODUCT.,#834);

/* MEMBER NO 8 */
/* Directional local To Global */
#864=IFCDIRECTION((0.000000000000000000,-0.640184399664480000,0.768221279597376000));
#865=IFCDIRECTION((0.000000000000000000,0.768221279597376000,0.640184399664480000));
#866=IFCDIRECTION((1.000000000000000000,0.000000000000000000,0.000000000000000000));
#867=IFCAXIS2PLACEMENT3D(#324,#864,#866);
/* Analytical Model */
#868=IFCLOCALPLACEMENT(#71,#867);
#869=IFCEDGE(#325,#307);
#870=IFCTOPOLOGYREPRESENTATION(#53,'Axis','Edge',(#869));
#871=IFCPRODUCTDEFINITIONSHAPE($,$,(#870));
#872=IFCLOCALPLACEMENT(#328,#867);
#873=IFCSTRUCTURALCURVEMEMBER('3F4lN0QV1CJfDSrwrNSLz3',#1,'8','90*10 EA',$,#71,#871,.TENSION_MEMBER.,#865);
#874=IFCCOLOURRGB($,0.50196078431,0.50196078431,0.0000000000);
#875=IFCSURFACESTYLESHADING(#874,$);
#876=IFCSURFACESTYLE($,.POSITIVE.,(#875));
#877=IFCSTYLEDITEM(#869,(#876));
#878=IFCCARTESIANPOINT((0.000000000000000000,0.000000000000000000,0.000000000000000000));
#879=IFCAXIS2PLACEMENT3D(#878,#865,#864);
/* Node A Fixity */
#880=IFCBOUNDARYNODECONDITION('End A FFFFRR',IFCBOOLEAN(.T.),IFCBOOLEAN(.T.),IFCBOOLEAN(.T.),IFCBOOLEAN(.T.),IFCBOOLEAN(.F.),IFCBOOLEAN(.F.));
/* Node B Fixity */
#881=IFCBOUNDARYNODECONDITION('End B FFFFRR',IFCBOOLEAN(.T.),IFCBOOLEAN(.T.),IFCBOOLEAN(.T.),IFCBOOLEAN(.T.),IFCBOOLEAN(.F.),IFCBOOLEAN(.F.));
#882=IFCRELCONNECTSSTRUCTURALMEMBER('1p2jTSXbb5kAJbhQvtfIw8',#1,'Member 8 Node 5','Start',#873,#329,#880,$,$,$);
#883=IFCRELCONNECTSSTRUCTURALMEMBER('3l3kwwB_r6XhUCgQfvkcj_',#1,'Member 8 Node 2','End',#873,#311,#881,$,$,$);
/* Physical */
#884=IFCEXTRUDEDAREASOLID(#454,#867,#62,7810.24967590665);
#885=IFCCOLOURRGB($,0.50196078431,0.50196078431,0.0000000000);
#886=IFCSURFACESTYLESHADING(#885,$);
#887=IFCSURFACESTYLE($,.POSITIVE.,(#886));
#888=IFCSTYLEDITEM(#884,(#887));
#889=IFCSHAPEREPRESENTATION(#53,'Body','SweptSolid',(#884));
#890=IFCCARTESIANTRANSFORMATIONOPERATOR3D($,$,#55,1.0000000000,$);
#891=IFCAXIS2PLACEMENT3D(#55,$,$);
#892=IFCREPRESENTATIONMAP(#891,#889);
#893=IFCMAPPEDITEM(#892,#890);
#894=IFCSHAPEREPRESENTATION(#53,'Body','MappedRepresentation',(#893));
#895=IFCPRODUCTDEFINITIONSHAPE($,$,(#894));
#896=IFCLOCALPLACEMENT(#71,#54);
#897=IFCMEMBER('3L4F2cVR95hvR6Qc3jRipz',#1,'8','90*10 EA',$,#896,#895,'MEMBER',.MEMBER.);
/* --Material-- */
#898=IFCMATERIALPROFILE('Name','Description',#475,#454,$,$);
#899=IFCMATERIALPROFILESET('Name','Description',(#898),$);
#900=IFCMATERIALPROFILESETUSAGE(#899,10,0.0000000000);
/* --Relationship from the structural and physical member to the material and section-- */
#901=IFCRELASSOCIATESMATERIAL('2J6LcpLK1BTxRmAK4LiXHw',#1,'Physical/Structural to material relationship',$,(#873,#897),#900);
/* | Relationship: Physical - Structural | */
#902=IFCRELASSIGNSTOPRODUCT('1_3RLjG69A3wn1_bu2vOc9',#1,'Relationship from physical to structuralMember',$,(#897),.PRODUCT.,#873);

/* MEMBER NO 9 */
/* Directional local To Global */
#903=IFCDIRECTION((0.000000000000000000,-1.000000000000000000,0.000000000000000000));
#904=IFCDIRECTION((0.0000000000000000612,0.000000000000000000,1.000000000000000000));
#905=IFCDIRECTION((1.000000000000000000,0.000000000000000000,-0.0000000000000000612));
#906=IFCAXIS2PLACEMENT3D(#330,#903,#905);
/* Analytical Model */
#907=IFCLOCALPLACEMENT(#71,#906);
#908=IFCEDGE(#331,#307);
#909=IFCTOPOLOGYREPRESENTATION(#53,'Axis','Edge',(#908));
#910=IFCPRODUCTDEFINITIONSHAPE($,$,(#909));
#911=IFCLOCALPLACEMENT(#334,#906);
#912=IFCSTRUCTURALCURVEMEMBER('1U6KeZSGH0Df3HfD4m2CWI',#1,'9','310 UB 40.4',$,#71,#910,.RIGID_JOINED_MEMBER.,#904);
#913=IFCCOLOURRGB($,0.50196078431,0.0000000000,0.0000000000);
#914=IFCSURFACESTYLESHADING(#913,$);
#915=IFCSURFACESTYLE($,.POSITIVE.,(#914));
#916=IFCSTYLEDITEM(#908,(#915));
#917=IFCCARTESIANPOINT((0.000000000000000000,0.000000000000000000,0.000000000000000000));
#918=IFCAXIS2PLACEMENT3D(#917,#904,#903);
/* Node A Fixity */
#919=IFCBOUNDARYNODECONDITION('End A FFFFRR',IFCBOOLEAN(.T.),IFCBOOLEAN(.T.),IFCBOOLEAN(.T.),IFCBOOLEAN(.T.),IFCBOOLEAN(.F.),IFCBOOLEAN(.F.));
/* Node B Fixity */
#920=IFCBOUNDARYNODECONDITION('End B FFFFRR',IFCBOOLEAN(.T.),IFCBOOLEAN(.T.),IFCBOOLEAN(.T.),IFCBOOLEAN(.T.),IFCBOOLEAN(.F.),IFCBOOLEAN(.F.));
#921=IFCRELCONNECTSSTRUCTURALMEMBER('1x5_Eh2nf0Y8Obe7ioyc2I',#1,'Member 9 Node 6','Start',#912,#335,#919,$,$,$);
#922=IFCRELCONNECTSSTRUCTURALMEMBER('0i0TLkx1fA5xrGBwAfUY83',#1,'Member 9 Node 2','End',#912,#311,#920,$,$,$);
/* Physical */
#923=IFCEXTRUDEDAREASOLID(#420,#906,#62,5000.0000000000);
#924=IFCCOLOURRGB($,0.50196078431,0.0000000000,0.0000000000);
#925=IFCSURFACESTYLESHADING(#924,$);
#926=IFCSURFACESTYLE($,.POSITIVE.,(#925));
#927=IFCSTYLEDITEM(#923,(#926));
#928=IFCSHAPEREPRESENTATION(#53,'Body','SweptSolid',(#923));
#929=IFCCARTESIANTRANSFORMATIONOPERATOR3D($,$,#55,1.0000000000,$);
#930=IFCAXIS2PLACEMENT3D(#55,$,$);
#931=IFCREPRESENTATIONMAP(#930,#928);
#932=IFCMAPPEDITEM(#931,#929);
#933=IFCSHAPEREPRESENTATION(#53,'Body','MappedRepresentation',(#932));
#934=IFCPRODUCTDEFINITIONSHAPE($,$,(#933));
#935=IFCLOCALPLACEMENT(#71,#54);
#936=IFCBEAM('3l4l5Tujz5gucldq4mLvFG',#1,'9','310 UB 40.4',$,#935,#934,'BEAM',.BEAM.);
/* --Material-- */
#937=IFCMATERIALPROFILE('Name','Description',#475,#420,$,$);
#938=IFCMATERIALPROFILESET('Name','Description',(#937),$);
#939=IFCMATERIALPROFILESETUSAGE(#938,10,0.0000000000);
/* --Relationship from the structural and physical member to the material and section-- */
#940=IFCRELASSOCIATESMATERIAL('2I1hYfsxH6nRbIfOK3yC1T',#1,'Physical/Structural to material relationship',$,(#912,#936),#939);
/* | Relationship: Physical - Structural | */
#941=IFCRELASSIGNSTOPRODUCT('3G5Nexwn54UP5L2Sg70kCR',#1,'Relationship from physical to structuralMember',$,(#936),.PRODUCT.,#912);

/* MEMBER NO 10 */
/* Directional local To Global */
#942=IFCDIRECTION((0.707106781186548000,0.000000000000000000,0.707106781186548000));
#943=IFCDIRECTION((-0.707106781186548000,0.0000000000000000612,0.707106781186548000));
#944=IFCDIRECTION((0.0000000000000000433,1.000000000000000000,-0.0000000000000000433));
#945=IFCAXIS2PLACEMENT3D(#300,#942,#944);
/* Analytical Model */
#946=IFCLOCALPLACEMENT(#71,#945);
#947=IFCEDGE(#301,#313);
#948=IFCTOPOLOGYREPRESENTATION(#53,'Axis','Edge',(#947));
#949=IFCPRODUCTDEFINITIONSHAPE($,$,(#948));
#950=IFCLOCALPLACEMENT(#304,#945);
#951=IFCSTRUCTURALCURVEMEMBER('3f3vPo7751iQcXG7$Nywu4',#1,'10','89*5 SHS',$,#71,#949,.RIGID_JOINED_MEMBER.,#943);
#952=IFCCOLOURRGB($,0.0000000000,0.50196078431,0.0000000000);
#953=IFCSURFACESTYLESHADING(#952,$);
#954=IFCSURFACESTYLE($,.POSITIVE.,(#953));
#955=IFCSTYLEDITEM(#947,(#954));
#956=IFCCARTESIANPOINT((0.000000000000000000,0.000000000000000000,0.000000000000000000));
#957=IFCAXIS2PLACEMENT3D(#956,#943,#942);
/* Node A Fixity */
#958=IFCBOUNDARYNODECONDITION('End A FFFFRR',IFCBOOLEAN(.T.),IFCBOOLEAN(.T.),IFCBOOLEAN(.T.),IFCBOOLEAN(.T.),IFCBOOLEAN(.F.),IFCBOOLEAN(.F.));
/* Node B Fixity */
#959=IFCBOUNDARYNODECONDITION('End B FFFFRR',IFCBOOLEAN(.T.),IFCBOOLEAN(.T.),IFCBOOLEAN(.T.),IFCBOOLEAN(.T.),IFCBOOLEAN(.F.),IFCBOOLEAN(.F.));
#960=IFCRELCONNECTSSTRUCTURALMEMBER('3w3uIITSDFmBID$FZfzIlc',#1,'Member 10 Node 1','Start',#951,#305,#958,$,$,$);
#961=IFCRELCONNECTSSTRUCTURALMEMBER('1s1WOQi_z7fgyDzQ1$PO8t',#1,'Member 10 Node 3','End',#951,#317,#959,$,$,$);
/* Physical */
#962=IFCEXTRUDEDAREASOLID(#464,#945,#62,8485.28137423857);
#963=IFCCOLOURRGB($,0.0000000000,0.50196078431,0.0000000000);
#964=IFCSURFACESTYLESHADING(#963,$);
#965=IFCSURFACESTYLE($,.POSITIVE.,(#964));
#966=IFCSTYLEDITEM(#962,(#965));
#967=IFCSHAPEREPRESENTATION(#53,'Body','SweptSolid',(#962));
#968=IFCCARTESIANTRANSFORMATIONOPERATOR3D($,$,#55,1.0000000000,$);
#969=IFCAXIS2PLACEMENT3D(#55,$,$);
#970=IFCREPRESENTATIONMAP(#969,#967);
#971=IFCMAPPEDITEM(#970,#968);
#972=IFCSHAPEREPRESENTATION(#53,'Body','MappedRepresentation',(#971));
#973=IFCPRODUCTDEFINITIONSHAPE($,$,(#972));
#974=IFCLOCALPLACEMENT(#71,#54);
#975=IFCMEMBER('1J5lVBG4j1CQ0csiLM28iY',#1,'10','89*5 SHS',$,#974,#973,'MEMBER',.MEMBER.);
/* --Material-- */
#976=IFCMATERIALPROFILE('Name','Description',#475,#464,$,$);
#977=IFCMATERIALPROFILESET('Name','Description',(#976),$);
#978=IFCMATERIALPROFILESETUSAGE(#977,10,0.0000000000);
/* --Relationship from the structural and physical member to the material and section-- */
#979=IFCRELASSOCIATESMATERIAL('3e18h_Ge1AAAbQAICZ0YD1',#1,'Physical/Structural to material relationship',$,(#951,#975),#978);
/* | Relationship: Physical - Structural | */
#980=IFCRELASSIGNSTOPRODUCT('3i1XUZCg1DDxxEOLZHiyMn',#1,'Relationship from physical to structuralMember',$,(#975),.PRODUCT.,#951);

/* MEMBER NO 11 */
/* Directional local To Global */
#981=IFCDIRECTION((0.707106781186548000,0.000000000000000000,0.707106781186548000));
#982=IFCDIRECTION((-0.707106781186548000,0.0000000000000000612,0.707106781186548000));
#983=IFCDIRECTION((0.0000000000000000433,1.000000000000000000,-0.0000000000000000433));
#984=IFCAXIS2PLACEMENT3D(#324,#981,#983);
/* Analytical Model */
#985=IFCLOCALPLACEMENT(#71,#984);
#986=IFCEDGE(#325,#343);
#987=IFCTOPOLOGYREPRESENTATION(#53,'Axis','Edge',(#986));
#988=IFCPRODUCTDEFINITIONSHAPE($,$,(#987));
#989=IFCLOCALPLACEMENT(#328,#984);
#990=IFCSTRUCTURALCURVEMEMBER('2d1u0huK124OxWQV3oNoMD',#1,'11','89*5 SHS',$,#71,#988,.RIGID_JOINED_MEMBER.,#982);
#991=IFCCOLOURRGB($,0.0000000000,0.50196078431,0.0000000000);
#992=IFCSURFACESTYLESHADING(#991,$);
#993=IFCSURFACESTYLE($,.POSITIVE.,(#992));
#994=IFCSTYLEDITEM(#986,(#993));
#995=IFCCARTESIANPOINT((0.000000000000000000,0.000000000000000000,0.000000000000000000));
#996=IFCAXIS2PLACEMENT3D(#995,#982,#981);
/* Node A Fixity */
#997=IFCBOUNDARYNODECONDITION('End A FFFFRR',IFCBOOLEAN(.T.),IFCBOOLEAN(.T.),IFCBOOLEAN(.T.),IFCBOOLEAN(.T.),IFCBOOLEAN(.F.),IFCBOOLEAN(.F.));
/* Node B Fixity */
#998=IFCBOUNDARYNODECONDITION('End B FFFFRR',IFCBOOLEAN(.T.),IFCBOOLEAN(.T.),IFCBOOLEAN(.T.),IFCBOOLEAN(.T.),IFCBOOLEAN(.F.),IFCBOOLEAN(.F.));
#999=IFCRELCONNECTSSTRUCTURALMEMBER('1z4EPNJtv4OhU_3hLTv7P0',#1,'Member 11 Node 5','Start',#990,#329,#997,$,$,$);
#1000=IFCRELCONNECTSSTRUCTURALMEMBER('2v518MbCz1M8l3uikD8bCQ',#1,'Member 11 Node 8','End',#990,#347,#998,$,$,$);
/* Physical */
#1001=IFCEXTRUDEDAREASOLID(#464,#984,#62,8485.28137423857);
#1002=IFCCOLOURRGB($,0.0000000000,0.50196078431,0.0000000000);
#1003=IFCSURFACESTYLESHADING(#1002,$);
#1004=IFCSURFACESTYLE($,.POSITIVE.,(#1003));
#1005=IFCSTYLEDITEM(#1001,(#1004));
#1006=IFCSHAPEREPRESENTATION(#53,'Body','SweptSolid',(#1001));
#1007=IFCCARTESIANTRANSFORMATIONOPERATOR3D($,$,#55,1.0000000000,$);
#1008=IFCAXIS2PLACEMENT3D(#55,$,$);
#1009=IFCREPRESENTATIONMAP(#1008,#1006);
#1010=IFCMAPPEDITEM(#1009,#1007);
#1011=IFCSHAPEREPRESENTATION(#53,'Body','MappedRepresentation',(#1010));
#1012=IFCPRODUCTDEFINITIONSHAPE($,$,(#1011));
#1013=IFCLOCALPLACEMENT(#71,#54);
#1014=IFCMEMBER('2_2f7TYLrFGB$s6pWGV45n',#1,'11','89*5 SHS',$,#1013,#1012,'MEMBER',.MEMBER.);
/* --Material-- */
#1015=IFCMATERIALPROFILE('Name','Description',#475,#464,$,$);
#1016=IFCMATERIALPROFILESET('Name','Description',(#1015),$);
#1017=IFCMATERIALPROFILESETUSAGE(#1016,10,0.0000000000);
/* --Relationship from the structural and physical member to the material and section-- */
#1018=IFCRELASSOCIATESMATERIAL('1d5AVBTJv0NxsWOLGpzW6L',#1,'Physical/Structural to material relationship',$,(#990,#1014),#1017);
/* | Relationship: Physical - Structural | */
#1019=IFCRELASSIGNSTOPRODUCT('0s0Vdo6zX14vZLPNS2SUHg',#1,'Relationship from physical to structuralMember',$,(#1014),.PRODUCT.,#990);

/* MEMBER NO 12 */
/* Directional local To Global */
#1020=IFCDIRECTION((0.000000000000000000,1.000000000000000000,0.000000000000000000));
#1021=IFCDIRECTION((-0.0000000000000000612,0.000000000000000000,1.000000000000000000));
#1022=IFCDIRECTION((-1.000000000000000000,0.000000000000000000,-0.0000000000000000612));
#1023=IFCAXIS2PLACEMENT3D(#312,#1020,#1022);
/* Analytical Model */
#1024=IFCLOCALPLACEMENT(#71,#1023);
#1025=IFCEDGE(#313,#343);
#1026=IFCTOPOLOGYREPRESENTATION(#53,'Axis','Edge',(#1025));
#1027=IFCPRODUCTDEFINITIONSHAPE($,$,(#1026));
#1028=IFCLOCALPLACEMENT(#316,#1023);
#1029=IFCSTRUCTURALCURVEMEMBER('0G4oaH5Jj98PuaEsU2UQNf',#1,'12','310 UB 40.4',$,#71,#1027,.RIGID_JOINED_MEMBER.,#1021);
#1030=IFCCOLOURRGB($,0.50196078431,0.0000000000,0.0000000000);
#1031=IFCSURFACESTYLESHADING(#1030,$);
#1032=IFCSURFACESTYLE($,.POSITIVE.,(#1031));
#1033=IFCSTYLEDITEM(#1025,(#1032));
#1034=IFCCARTESIANPOINT((0.000000000000000000,0.000000000000000000,0.000000000000000000));
#1035=IFCAXIS2PLACEMENT3D(#1034,#1021,#1020);
/* Node A Fixity */
#1036=IFCBOUNDARYNODECONDITION('End A FFFFRR',IFCBOOLEAN(.T.),IFCBOOLEAN(.T.),IFCBOOLEAN(.T.),IFCBOOLEAN(.T.),IFCBOOLEAN(.F.),IFCBOOLEAN(.F.));
/* Node B Fixity */
#1037=IFCBOUNDARYNODECONDITION('End B FFFFRR',IFCBOOLEAN(.T.),IFCBOOLEAN(.T.),IFCBOOLEAN(.T.),IFCBOOLEAN(.T.),IFCBOOLEAN(.F.),IFCBOOLEAN(.F.));
#1038=IFCRELCONNECTSSTRUCTURALMEMBER('1T0E997AH8Uxx_T3Aer3gN',#1,'Member 12 Node 3','Start',#1029,#317,#1036,$,$,$);
#1039=IFCRELCONNECTSSTRUCTURALMEMBER('3d06M0MhLFggEKjjNxlsgS',#1,'Member 12 Node 8','End',#1029,#347,#1037,$,$,$);
/* Physical */
#1040=IFCEXTRUDEDAREASOLID(#420,#1023,#62,5000.0000000000);
#1041=IFCCOLOURRGB($,0.50196078431,0.0000000000,0.0000000000);
#1042=IFCSURFACESTYLESHADING(#1041,$);
#1043=IFCSURFACESTYLE($,.POSITIVE.,(#1042));
#1044=IFCSTYLEDITEM(#1040,(#1043));
#1045=IFCSHAPEREPRESENTATION(#53,'Body','SweptSolid',(#1040));
#1046=IFCCARTESIANTRANSFORMATIONOPERATOR3D($,$,#55,1.0000000000,$);
#1047=IFCAXIS2PLACEMENT3D(#55,$,$);
#1048=IFCREPRESENTATIONMAP(#1047,#1045);
#1049=IFCMAPPEDITEM(#1048,#1046);
#1050=IFCSHAPEREPRESENTATION(#53,'Body','MappedRepresentation',(#1049));
#1051=IFCPRODUCTDEFINITIONSHAPE($,$,(#1050));
#1052=IFCLOCALPLACEMENT(#71,#54);
#1053=IFCBEAM('143fUtl$z4QB3k$eaprEc4',#1,'12','310 UB 40.4',$,#1052,#1051,'BEAM',.BEAM.);
/* --Material-- */
#1054=IFCMATERIALPROFILE('Name','Description',#475,#420,$,$);
#1055=IFCMATERIALPROFILESET('Name','Description',(#1054),$);
#1056=IFCMATERIALPROFILESETUSAGE(#1055,10,0.0000000000);
/* --Relationship from the structural and physical member to the material and section-- */
#1057=IFCRELASSOCIATESMATERIAL('1M6EpAtUbCIhN80LlWdtaf',#1,'Physical/Structural to material relationship',$,(#1029,#1053),#1056);
/* | Relationship: Physical - Structural | */
#1058=IFCRELASSIGNSTOPRODUCT('0t0fy$ewT5F88hWqFTX4Ha',#1,'Relationship from physical to structuralMember',$,(#1053),.PRODUCT.,#1029);

/* MEMBER NO 13 */
/* Directional local To Global */
#1059=IFCDIRECTION((0.000000000000000000,-1.000000000000000000,0.000000000000000000));
#1060=IFCDIRECTION((0.0000000000000000612,0.000000000000000000,1.000000000000000000));
#1061=IFCDIRECTION((1.000000000000000000,0.000000000000000000,-0.0000000000000000612));
#1062=IFCAXIS2PLACEMENT3D(#348,#1059,#1061);
/* Analytical Model */
#1063=IFCLOCALPLACEMENT(#71,#1062);
#1064=IFCEDGE(#349,#355);
#1065=IFCTOPOLOGYREPRESENTATION(#53,'Axis','Edge',(#1064));
#1066=IFCPRODUCTDEFINITIONSHAPE($,$,(#1065));
#1067=IFCLOCALPLACEMENT(#352,#1062);
#1068=IFCSTRUCTURALCURVEMEMBER('3n5TZh8zzETui__FKJCMLz',#1,'13','310 UB 40.4',$,#71,#1066,.RIGID_JOINED_MEMBER.,#1060);
#1069=IFCCOLOURRGB($,0.50196078431,0.0000000000,0.0000000000);
#1070=IFCSURFACESTYLESHADING(#1069,$);
#1071=IFCSURFACESTYLE($,.POSITIVE.,(#1070));
#1072=IFCSTYLEDITEM(#1064,(#1071));
#1073=IFCCARTESIANPOINT((0.000000000000000000,0.000000000000000000,0.000000000000000000));
#1074=IFCAXIS2PLACEMENT3D(#1073,#1060,#1059);
/* Node A Fixity */
#1075=IFCBOUNDARYNODECONDITION('End A FFFFRR',IFCBOOLEAN(.T.),IFCBOOLEAN(.T.),IFCBOOLEAN(.T.),IFCBOOLEAN(.T.),IFCBOOLEAN(.F.),IFCBOOLEAN(.F.));
/* Node B Fixity */
#1076=IFCBOUNDARYNODECONDITION('End B FFFFRR',IFCBOOLEAN(.T.),IFCBOOLEAN(.T.),IFCBOOLEAN(.T.),IFCBOOLEAN(.T.),IFCBOOLEAN(.F.),IFCBOOLEAN(.F.));
#1077=IFCRELCONNECTSSTRUCTURALMEMBER('2E5rg5C8v7ahkBWS2zYyvN',#1,'Member 13 Node 9','Start',#1068,#353,#1075,$,$,$);
#1078=IFCRELCONNECTSSTRUCTURALMEMBER('3h1AyCrPHBRP2Jkpr6XlBP',#1,'Member 13 Node 10','End',#1068,#359,#1076,$,$,$);
/* Physical */
#1079=IFCEXTRUDEDAREASOLID(#420,#1062,#62,5000.0000000000);
#1080=IFCCOLOURRGB($,0.50196078431,0.0000000000,0.0000000000);
#1081=IFCSURFACESTYLESHADING(#1080,$);
#1082=IFCSURFACESTYLE($,.POSITIVE.,(#1081));
#1083=IFCSTYLEDITEM(#1079,(#1082));
#1084=IFCSHAPEREPRESENTATION(#53,'Body','SweptSolid',(#1079));
#1085=IFCCARTESIANTRANSFORMATIONOPERATOR3D($,$,#55,1.0000000000,$);
#1086=IFCAXIS2PLACEMENT3D(#55,$,$);
#1087=IFCREPRESENTATIONMAP(#1086,#1084);
#1088=IFCMAPPEDITEM(#1087,#1085);
#1089=IFCSHAPEREPRESENTATION(#53,'Body','MappedRepresentation',(#1088));
#1090=IFCPRODUCTDEFINITIONSHAPE($,$,(#1089));
#1091=IFCLOCALPLACEMENT(#71,#54);
#1092=IFCBEAM('2J2KN1Yh5DkfRsCSMCBL6g',#1,'13','310 UB 40.4',$,#1091,#1090,'BEAM',.BEAM.);
/* --Material-- */
#1093=IFCMATERIALPROFILE('Name','Description',#475,#420,$,$);
#1094=IFCMATERIALPROFILESET('Name','Description',(#1093),$);
#1095=IFCMATERIALPROFILESETUSAGE(#1094,10,0.0000000000);
/* --Relationship from the structural and physical member to the material and section-- */
#1096=IFCRELASSOCIATESMATERIAL('3x3m8jFVP7W8bWV81G010L',#1,'Physical/Structural to material relationship',$,(#1068,#1092),#1095);
/* | Relationship: Physical - Structural | */
#1097=IFCRELASSIGNSTOPRODUCT('1e3_tJ5nv13g719rasXaRS',#1,'Relationship from physical to structuralMember',$,(#1092),.PRODUCT.,#1068);

/* MEMBER NO 14 */
/* Directional local To Global */
#1098=IFCDIRECTION((0.000000000000000000,-1.000000000000000000,0.000000000000000000));
#1099=IFCDIRECTION((0.0000000000000000612,0.000000000000000000,1.000000000000000000));
#1100=IFCDIRECTION((1.000000000000000000,0.000000000000000000,-0.0000000000000000612));
#1101=IFCAXIS2PLACEMENT3D(#360,#1098,#1100);
/* Analytical Model */
#1102=IFCLOCALPLACEMENT(#71,#1101);
#1103=IFCEDGE(#361,#367);
#1104=IFCTOPOLOGYREPRESENTATION(#53,'Axis','Edge',(#1103));
#1105=IFCPRODUCTDEFINITIONSHAPE($,$,(#1104));
#1106=IFCLOCALPLACEMENT(#364,#1101);
#1107=IFCSTRUCTURALCURVEMEMBER('2_3Ula66z1PgoKS0Nq80X8',#1,'14','310 UB 40.4',$,#71,#1105,.RIGID_JOINED_MEMBER.,#1099);
#1108=IFCCOLOURRGB($,0.50196078431,0.0000000000,0.0000000000);
#1109=IFCSURFACESTYLESHADING(#1108,$);
#1110=IFCSURFACESTYLE($,.POSITIVE.,(#1109));
#1111=IFCSTYLEDITEM(#1103,(#1110));
#1112=IFCCARTESIANPOINT((0.000000000000000000,0.000000000000000000,0.000000000000000000));
#1113=IFCAXIS2PLACEMENT3D(#1112,#1099,#1098);
/* Node A Fixity */
#1114=IFCBOUNDARYNODECONDITION('End A FFFFRR',IFCBOOLEAN(.T.),IFCBOOLEAN(.T.),IFCBOOLEAN(.T.),IFCBOOLEAN(.T.),IFCBOOLEAN(.F.),IFCBOOLEAN(.F.));
/* Node B Fixity */
#1115=IFCBOUNDARYNODECONDITION('End B FFFFRR',IFCBOOLEAN(.T.),IFCBOOLEAN(.T.),IFCBOOLEAN(.T.),IFCBOOLEAN(.T.),IFCBOOLEAN(.F.),IFCBOOLEAN(.F.));
#1116=IFCRELCONNECTSSTRUCTURALMEMBER('0y6HhI93r7OfTt5u4LQFwh',#1,'Member 14 Node 11','Start',#1107,#365,#1114,$,$,$);
#1117=IFCRELCONNECTSSTRUCTURALMEMBER('0j3KDSDRjCig2vRgVwNFxK',#1,'Member 14 Node 12','End',#1107,#371,#1115,$,$,$);
/* Physical */
#1118=IFCEXTRUDEDAREASOLID(#420,#1101,#62,5000.0000000000);
#1119=IFCCOLOURRGB($,0.50196078431,0.0000000000,0.0000000000);
#1120=IFCSURFACESTYLESHADING(#1119,$);
#1121=IFCSURFACESTYLE($,.POSITIVE.,(#1120));
#1122=IFCSTYLEDITEM(#1118,(#1121));
#1123=IFCSHAPEREPRESENTATION(#53,'Body','SweptSolid',(#1118));
#1124=IFCCARTESIANTRANSFORMATIONOPERATOR3D($,$,#55,1.0000000000,$);
#1125=IFCAXIS2PLACEMENT3D(#55,$,$);
#1126=IFCREPRESENTATIONMAP(#1125,#1123);
#1127=IFCMAPPEDITEM(#1126,#1124);
#1128=IFCSHAPEREPRESENTATION(#53,'Body','MappedRepresentation',(#1127));
#1129=IFCPRODUCTDEFINITIONSHAPE($,$,(#1128));
#1130=IFCLOCALPLACEMENT(#71,#54);
#1131=IFCBEAM('0G3wE4mq15xQjy2JSKCnhd',#1,'14','310 UB 40.4',$,#1130,#1129,'BEAM',.BEAM.);
/* --Material-- */
#1132=IFCMATERIALPROFILE('Name','Description',#475,#420,$,$);
#1133=IFCMATERIALPROFILESET('Name','Description',(#1132),$);
#1134=IFCMATERIALPROFILESETUSAGE(#1133,10,0.0000000000);
/* --Relationship from the structural and physical member to the material and section-- */
#1135=IFCRELASSOCIATESMATERIAL('391qiznRn4AfGOKLw3uxbv',#1,'Physical/Structural to material relationship',$,(#1107,#1131),#1134);
/* | Relationship: Physical - Structural | */
#1136=IFCRELASSIGNSTOPRODUCT('2u0Qbz2NDBMvdJVocEm$8o',#1,'Relationship from physical to structuralMember',$,(#1131),.PRODUCT.,#1107);

/* MEMBER NO 15 */
/* Directional local To Global */
#1137=IFCDIRECTION((0.000000000000000000,-1.000000000000000000,0.000000000000000000));
#1138=IFCDIRECTION((0.0000000000000000612,0.000000000000000000,1.000000000000000000));
#1139=IFCDIRECTION((1.000000000000000000,0.000000000000000000,-0.0000000000000000612));
#1140=IFCAXIS2PLACEMENT3D(#372,#1137,#1139);
/* Analytical Model */
#1141=IFCLOCALPLACEMENT(#71,#1140);
#1142=IFCEDGE(#373,#379);
#1143=IFCTOPOLOGYREPRESENTATION(#53,'Axis','Edge',(#1142));
#1144=IFCPRODUCTDEFINITIONSHAPE($,$,(#1143));
#1145=IFCLOCALPLACEMENT(#376,#1140);
#1146=IFCSTRUCTURALCURVEMEMBER('0I3pDnwGvA3fq4zLe86yLF',#1,'15','310 UB 40.4',$,#71,#1144,.RIGID_JOINED_MEMBER.,#1138);
#1147=IFCCOLOURRGB($,0.50196078431,0.0000000000,0.0000000000);
#1148=IFCSURFACESTYLESHADING(#1147,$);
#1149=IFCSURFACESTYLE($,.POSITIVE.,(#1148));
#1150=IFCSTYLEDITEM(#1142,(#1149));
#1151=IFCCARTESIANPOINT((0.000000000000000000,0.000000000000000000,0.000000000000000000));
#1152=IFCAXIS2PLACEMENT3D(#1151,#1138,#1137);
/* Node A Fixity */
#1153=IFCBOUNDARYNODECONDITION('End A FFFFRR',IFCBOOLEAN(.T.),IFCBOOLEAN(.T.),IFCBOOLEAN(.T.),IFCBOOLEAN(.T.),IFCBOOLEAN(.F.),IFCBOOLEAN(.F.));
/* Node B Fixity */
#1154=IFCBOUNDARYNODECONDITION('End B FFFFRR',IFCBOOLEAN(.T.),IFCBOOLEAN(.T.),IFCBOOLEAN(.T.),IFCBOOLEAN(.T.),IFCBOOLEAN(.F.),IFCBOOLEAN(.F.));
#1155=IFCRELCONNECTSSTRUCTURALMEMBER('3n6Alyxgj6tfkaFfuHzPM5',#1,'Member 15 Node 13','Start',#1146,#377,#1153,$,$,$);
#1156=IFCRELCONNECTSSTRUCTURALMEMBER('171BKpJEXFLubQ5QDeWJOV',#1,'Member 15 Node 14','End',#1146,#383,#1154,$,$,$);
/* Physical */
#1157=IFCEXTRUDEDAREASOLID(#420,#1140,#62,5000.0000000000);
#1158=IFCCOLOURRGB($,0.50196078431,0.0000000000,0.0000000000);
#1159=IFCSURFACESTYLESHADING(#1158,$);
#1160=IFCSURFACESTYLE($,.POSITIVE.,(#1159));
#1161=IFCSTYLEDITEM(#1157,(#1160));
#1162=IFCSHAPEREPRESENTATION(#53,'Body','SweptSolid',(#1157));
#1163=IFCCARTESIANTRANSFORMATIONOPERATOR3D($,$,#55,1.0000000000,$);
#1164=IFCAXIS2PLACEMENT3D(#55,$,$);
#1165=IFCREPRESENTATIONMAP(#1164,#1162);
#1166=IFCMAPPEDITEM(#1165,#1163);
#1167=IFCSHAPEREPRESENTATION(#53,'Body','MappedRepresentation',(#1166));
#1168=IFCPRODUCTDEFINITIONSHAPE($,$,(#1167));
#1169=IFCLOCALPLACEMENT(#71,#54);
#1170=IFCBEAM('1f10PPRoLEpOk2n199CkJH',#1,'15','310 UB 40.4',$,#1169,#1168,'BEAM',.BEAM.);
/* --Material-- */
#1171=IFCMATERIALPROFILE('Name','Description',#475,#420,$,$);
#1172=IFCMATERIALPROFILESET('Name','Description',(#1171),$);
#1173=IFCMATERIALPROFILESETUSAGE(#1172,10,0.0000000000);
/* --Relationship from the structural and physical member to the material and section-- */
#1174=IFCRELASSOCIATESMATERIAL('0I4G6GKhHE5hy2o$04SV09',#1,'Physical/Structural to material relationship',$,(#1146,#1170),#1173);
/* | Relationship: Physical - Structural | */
#1175=IFCRELASSIGNSTOPRODUCT('2L645QWPP0xQyS40tb_HuQ',#1,'Relationship from physical to structuralMember',$,(#1170),.PRODUCT.,#1146);

/* MEMBER NO 16 */
/* Directional local To Global */
#1176=IFCDIRECTION((1.000000000000000000,0.000000000000000000,0.000000000000000000));
#1177=IFCDIRECTION((0.000000000000000000,0.0000000000000000612,1.000000000000000000));
#1178=IFCDIRECTION((0.000000000000000000,1.000000000000000000,-0.0000000000000000612));
#1179=IFCAXIS2PLACEMENT3D(#378,#1176,#1178);
/* Analytical Model */
#1180=IFCLOCALPLACEMENT(#71,#1179);
#1181=IFCEDGE(#379,#355);
#1182=IFCTOPOLOGYREPRESENTATION(#53,'Axis','Edge',(#1181));
#1183=IFCPRODUCTDEFINITIONSHAPE($,$,(#1182));
#1184=IFCLOCALPLACEMENT(#382,#1179);
#1185=IFCSTRUCTURALCURVEMEMBER('3Q1DmpNDb5YAFStoqa5rAV',#1,'16','310 UB 40.4',$,#71,#1183,.RIGID_JOINED_MEMBER.,#1177);
#1186=IFCCOLOURRGB($,0.50196078431,0.0000000000,0.0000000000);
#1187=IFCSURFACESTYLESHADING(#1186,$);
#1188=IFCSURFACESTYLE($,.POSITIVE.,(#1187));
#1189=IFCSTYLEDITEM(#1181,(#1188));
#1190=IFCCARTESIANPOINT((0.000000000000000000,0.000000000000000000,0.000000000000000000));
#1191=IFCAXIS2PLACEMENT3D(#1190,#1177,#1176);
#1192=IFCRELCONNECTSSTRUCTURALMEMBER('2k0nDQrnb0BfJtj20hHH6q',#1,'Member 16 Node 14','Start',#1185,#383,#600,$,$,$);
#1193=IFCRELCONNECTSSTRUCTURALMEMBER('1X0mvr8zn83RA$ikMZ8l2v',#1,'Member 16 Node 10','End',#1185,#359,#600,$,$,$);
/* Physical */
#1194=IFCEXTRUDEDAREASOLID(#420,#1179,#62,1500.0000000000);
#1195=IFCCOLOURRGB($,0.50196078431,0.0000000000,0.0000000000);
#1196=IFCSURFACESTYLESHADING(#1195,$);
#1197=IFCSURFACESTYLE($,.POSITIVE.,(#1196));
#1198=IFCSTYLEDITEM(#1194,(#1197));
#1199=IFCSHAPEREPRESENTATION(#53,'Body','SweptSolid',(#1194));
#1200=IFCCARTESIANTRANSFORMATIONOPERATOR3D($,$,#55,1.0000000000,$);
#1201=IFCAXIS2PLACEMENT3D(#55,$,$);
#1202=IFCREPRESENTATIONMAP(#1201,#1199);
#1203=IFCMAPPEDITEM(#1202,#1200);
#1204=IFCSHAPEREPRESENTATION(#53,'Body','MappedRepresentation',(#1203));
#1205=IFCPRODUCTDEFINITIONSHAPE($,$,(#1204));
#1206=IFCLOCALPLACEMENT(#71,#54);
#1207=IFCBEAM('1m169hgXrCf8t3zrlRnTdh',#1,'16','310 UB 40.4',$,#1206,#1205,'BEAM',.BEAM.);
/* --Material-- */
#1208=IFCMATERIALPROFILE('Name','Description',#475,#420,$,$);
#1209=IFCMATERIALPROFILESET('Name','Description',(#1208),$);
#1210=IFCMATERIALPROFILESETUSAGE(#1209,10,0.0000000000);
/* --Relationship from the structural and physical member to the material and section-- */
#1211=IFCRELASSOCIATESMATERIAL('1K5mysRjX7JA62W0fLDOBZ',#1,'Physical/Structural to material relationship',$,(#1185,#1207),#1210);
/* | Relationship: Physical - Structural | */
#1212=IFCRELASSIGNSTOPRODUCT('1V1ow5b6j2q9fmIFa2wQxV',#1,'Relationship from physical to structuralMember',$,(#1207),.PRODUCT.,#1185);

/* MEMBER NO 17 */
/* Directional local To Global */
#1213=IFCDIRECTION((1.000000000000000000,0.000000000000000000,0.000000000000000000));
#1214=IFCDIRECTION((0.000000000000000000,0.0000000000000000612,1.000000000000000000));
#1215=IFCDIRECTION((0.000000000000000000,1.000000000000000000,-0.0000000000000000612));
#1216=IFCAXIS2PLACEMENT3D(#354,#1213,#1215);
/* Analytical Model */
#1217=IFCLOCALPLACEMENT(#71,#1216);
#1218=IFCEDGE(#355,#367);
#1219=IFCTOPOLOGYREPRESENTATION(#53,'Axis','Edge',(#1218));
#1220=IFCPRODUCTDEFINITIONSHAPE($,$,(#1219));
#1221=IFCLOCALPLACEMENT(#358,#1216);
#1222=IFCSTRUCTURALCURVEMEMBER('061INgwwf4gxvyZbjqWWRk',#1,'17','310 UB 40.4',$,#71,#1220,.RIGID_JOINED_MEMBER.,#1214);
#1223=IFCCOLOURRGB($,0.50196078431,0.0000000000,0.0000000000);
#1224=IFCSURFACESTYLESHADING(#1223,$);
#1225=IFCSURFACESTYLE($,.POSITIVE.,(#1224));
#1226=IFCSTYLEDITEM(#1218,(#1225));
#1227=IFCCARTESIANPOINT((0.000000000000000000,0.000000000000000000,0.000000000000000000));
#1228=IFCAXIS2PLACEMENT3D(#1227,#1214,#1213);
#1229=IFCRELCONNECTSSTRUCTURALMEMBER('1f37$uJZz9A9emBgpiohQt',#1,'Member 17 Node 10','Start',#1222,#359,#600,$,$,$);
#1230=IFCRELCONNECTSSTRUCTURALMEMBER('0X19jtZlb7Rf3CsPpHhQKF',#1,'Member 17 Node 12','End',#1222,#371,#600,$,$,$);
/* Physical */
#1231=IFCEXTRUDEDAREASOLID(#420,#1216,#62,1500.0000000000);
#1232=IFCCOLOURRGB($,0.50196078431,0.0000000000,0.0000000000);
#1233=IFCSURFACESTYLESHADING(#1232,$);
#1234=IFCSURFACESTYLE($,.POSITIVE.,(#1233));
#1235=IFCSTYLEDITEM(#1231,(#1234));
#1236=IFCSHAPEREPRESENTATION(#53,'Body','SweptSolid',(#1231));
#1237=IFCCARTESIANTRANSFORMATIONOPERATOR3D($,$,#55,1.0000000000,$);
#1238=IFCAXIS2PLACEMENT3D(#55,$,$);
#1239=IFCREPRESENTATIONMAP(#1238,#1236);
#1240=IFCMAPPEDITEM(#1239,#1237);
#1241=IFCSHAPEREPRESENTATION(#53,'Body','MappedRepresentation',(#1240));
#1242=IFCPRODUCTDEFINITIONSHAPE($,$,(#1241));
#1243=IFCLOCALPLACEMENT(#71,#54);
#1244=IFCBEAM('3812pZChr0LO6Wur_yS8fi',#1,'17','310 UB 40.4',$,#1243,#1242,'BEAM',.BEAM.);
/* --Material-- */
#1245=IFCMATERIALPROFILE('Name','Description',#475,#420,$,$);
#1246=IFCMATERIALPROFILESET('Name','Description',(#1245),$);
#1247=IFCMATERIALPROFILESETUSAGE(#1246,10,0.0000000000);
/* --Relationship from the structural and physical member to the material and section-- */
#1248=IFCRELASSOCIATESMATERIAL('1l5E1cnH5D2vtWl4iZYEHV',#1,'Physical/Structural to material relationship',$,(#1222,#1244),#1247);
/* | Relationship: Physical - Structural | */
#1249=IFCRELASSIGNSTOPRODUCT('2F5qer4V125O_0mwH3dzeg',#1,'Relationship from physical to structuralMember',$,(#1244),.PRODUCT.,#1222);

/* MEMBER NO 18 */
/* Directional local To Global */
#1250=IFCDIRECTION((1.000000000000000000,0.000000000000000000,0.000000000000000000));
#1251=IFCDIRECTION((0.000000000000000000,0.0000000000000000612,1.000000000000000000));
#1252=IFCDIRECTION((0.000000000000000000,1.000000000000000000,-0.0000000000000000612));
#1253=IFCAXIS2PLACEMENT3D(#366,#1250,#1252);
/* Analytical Model */
#1254=IFCLOCALPLACEMENT(#71,#1253);
#1255=IFCEDGE(#367,#313);
#1256=IFCTOPOLOGYREPRESENTATION(#53,'Axis','Edge',(#1255));
#1257=IFCPRODUCTDEFINITIONSHAPE($,$,(#1256));
#1258=IFCLOCALPLACEMENT(#370,#1253);
#1259=IFCSTRUCTURALCURVEMEMBER('1W27UqXeP96ODKiKLXM80T',#1,'18','310 UB 40.4',$,#71,#1257,.RIGID_JOINED_MEMBER.,#1251);
#1260=IFCCOLOURRGB($,0.50196078431,0.0000000000,0.0000000000);
#1261=IFCSURFACESTYLESHADING(#1260,$);
#1262=IFCSURFACESTYLE($,.POSITIVE.,(#1261));
#1263=IFCSTYLEDITEM(#1255,(#1262));
#1264=IFCCARTESIANPOINT((0.000000000000000000,0.000000000000000000,0.000000000000000000));
#1265=IFCAXIS2PLACEMENT3D(#1264,#1251,#1250);
/* Node B Fixity */
#1266=IFCBOUNDARYNODECONDITION('End B FFFFRR',IFCBOOLEAN(.T.),IFCBOOLEAN(.T.),IFCBOOLEAN(.T.),IFCBOOLEAN(.T.),IFCBOOLEAN(.F.),IFCBOOLEAN(.F.));
#1267=IFCRELCONNECTSSTRUCTURALMEMBER('392sAo7Gv1Nu6SgdK9gc_F',#1,'Member 18 Node 12','Start',#1259,#371,#600,$,$,$);
#1268=IFCRELCONNECTSSTRUCTURALMEMBER('2v69VK66vC5eWEc8o6uxX6',#1,'Member 18 Node 3','End',#1259,#317,#1266,$,$,$);
/* Physical */
#1269=IFCEXTRUDEDAREASOLID(#420,#1253,#62,1500.0000000000);
#1270=IFCCOLOURRGB($,0.50196078431,0.0000000000,0.0000000000);
#1271=IFCSURFACESTYLESHADING(#1270,$);
#1272=IFCSURFACESTYLE($,.POSITIVE.,(#1271));
#1273=IFCSTYLEDITEM(#1269,(#1272));
#1274=IFCSHAPEREPRESENTATION(#53,'Body','SweptSolid',(#1269));
#1275=IFCCARTESIANTRANSFORMATIONOPERATOR3D($,$,#55,1.0000000000,$);
#1276=IFCAXIS2PLACEMENT3D(#55,$,$);
#1277=IFCREPRESENTATIONMAP(#1276,#1274);
#1278=IFCMAPPEDITEM(#1277,#1275);
#1279=IFCSHAPEREPRESENTATION(#53,'Body','MappedRepresentation',(#1278));
#1280=IFCPRODUCTDEFINITIONSHAPE($,$,(#1279));
#1281=IFCLOCALPLACEMENT(#71,#54);
#1282=IFCBEAM('3T34XRbBb3yBsC2cueJXFh',#1,'18','310 UB 40.4',$,#1281,#1280,'BEAM',.BEAM.);
/* --Material-- */
#1283=IFCMATERIALPROFILE('Name','Description',#475,#420,$,$);
#1284=IFCMATERIALPROFILESET('Name','Description',(#1283),$);
#1285=IFCMATERIALPROFILESETUSAGE(#1284,10,0.0000000000);
/* --Relationship from the structural and physical member to the material and section-- */
#1286=IFCRELASSOCIATESMATERIAL('3e0lSq2yDFHxW_YZgHWg2L',#1,'Physical/Structural to material relationship',$,(#1259,#1282),#1285);
/* | Relationship: Physical - Structural | */
#1287=IFCRELASSIGNSTOPRODUCT('0e0aiZ9Z107O$X8CYcFC_P',#1,'Relationship from physical to structuralMember',$,(#1282),.PRODUCT.,#1259);

/* MEMBER NO 19 */
/* Directional local To Global */
#1288=IFCDIRECTION((1.000000000000000000,0.000000000000000000,0.000000000000000000));
#1289=IFCDIRECTION((0.000000000000000000,0.0000000000000000612,1.000000000000000000));
#1290=IFCDIRECTION((0.000000000000000000,1.000000000000000000,-0.0000000000000000612));
#1291=IFCAXIS2PLACEMENT3D(#372,#1288,#1290);
/* Analytical Model */
#1292=IFCLOCALPLACEMENT(#71,#1291);
#1293=IFCEDGE(#373,#349);
#1294=IFCTOPOLOGYREPRESENTATION(#53,'Axis','Edge',(#1293));
#1295=IFCPRODUCTDEFINITIONSHAPE($,$,(#1294));
#1296=IFCLOCALPLACEMENT(#376,#1291);
#1297=IFCSTRUCTURALCURVEMEMBER('0p0Jh7W819IPlajTr318DQ',#1,'19','310 UB 40.4',$,#71,#1295,.RIGID_JOINED_MEMBER.,#1289);
#1298=IFCCOLOURRGB($,0.50196078431,0.0000000000,0.0000000000);
#1299=IFCSURFACESTYLESHADING(#1298,$);
#1300=IFCSURFACESTYLE($,.POSITIVE.,(#1299));
#1301=IFCSTYLEDITEM(#1293,(#1300));
#1302=IFCCARTESIANPOINT((0.000000000000000000,0.000000000000000000,0.000000000000000000));
#1303=IFCAXIS2PLACEMENT3D(#1302,#1289,#1288);
#1304=IFCRELCONNECTSSTRUCTURALMEMBER('0s00UNs0TEYPFYaGLzjSa8',#1,'Member 19 Node 13','Start',#1297,#377,#600,$,$,$);
#1305=IFCRELCONNECTSSTRUCTURALMEMBER('3310iuMY1BJPVHZzqXyZzP',#1,'Member 19 Node 9','End',#1297,#353,#600,$,$,$);
/* Physical */
#1306=IFCEXTRUDEDAREASOLID(#420,#1291,#62,1500.0000000000);
#1307=IFCCOLOURRGB($,0.50196078431,0.0000000000,0.0000000000);
#1308=IFCSURFACESTYLESHADING(#1307,$);
#1309=IFCSURFACESTYLE($,.POSITIVE.,(#1308));
#1310=IFCSTYLEDITEM(#1306,(#1309));
#1311=IFCSHAPEREPRESENTATION(#53,'Body','SweptSolid',(#1306));
#1312=IFCCARTESIANTRANSFORMATIONOPERATOR3D($,$,#55,1.0000000000,$);
#1313=IFCAXIS2PLACEMENT3D(#55,$,$);
#1314=IFCREPRESENTATIONMAP(#1313,#1311);
#1315=IFCMAPPEDITEM(#1314,#1312);
#1316=IFCSHAPEREPRESENTATION(#53,'Body','MappedRepresentation',(#1315));
#1317=IFCPRODUCTDEFINITIONSHAPE($,$,(#1316));
#1318=IFCLOCALPLACEMENT(#71,#54);
#1319=IFCBEAM('1F3TQyNuXF5943IUZ68Q$i',#1,'19','310 UB 40.4',$,#1318,#1317,'BEAM',.BEAM.);
/* --Material-- */
#1320=IFCMATERIALPROFILE('Name','Description',#475,#420,$,$);
#1321=IFCMATERIALPROFILESET('Name','Description',(#1320),$);
#1322=IFCMATERIALPROFILESETUSAGE(#1321,10,0.0000000000);
/* --Relationship from the structural and physical member to the material and section-- */
#1323=IFCRELASSOCIATESMATERIAL('1E1J5T1sT7GQ6zGh0WUUKi',#1,'Physical/Structural to material relationship',$,(#1297,#1319),#1322);
/* | Relationship: Physical - Structural | */
#1324=IFCRELASSIGNSTOPRODUCT('1$2h7_BrvAleKlmLq_zW1q',#1,'Relationship from physical to structuralMember',$,(#1319),.PRODUCT.,#1297);

/* MEMBER NO 20 */
/* Directional local To Global */
#1325=IFCDIRECTION((1.000000000000000000,0.000000000000000000,0.000000000000000000));
#1326=IFCDIRECTION((0.000000000000000000,0.0000000000000000612,1.000000000000000000));
#1327=IFCDIRECTION((0.000000000000000000,1.000000000000000000,-0.0000000000000000612));
#1328=IFCAXIS2PLACEMENT3D(#348,#1325,#1327);
/* Analytical Model */
#1329=IFCLOCALPLACEMENT(#71,#1328);
#1330=IFCEDGE(#349,#361);
#1331=IFCTOPOLOGYREPRESENTATION(#53,'Axis','Edge',(#1330));
#1332=IFCPRODUCTDEFINITIONSHAPE($,$,(#1331));
#1333=IFCLOCALPLACEMENT(#352,#1328);
#1334=IFCSTRUCTURALCURVEMEMBER('0h0dTduQT9iAgtdax$4bk$',#1,'20','310 UB 40.4',$,#71,#1332,.RIGID_JOINED_MEMBER.,#1326);
#1335=IFCCOLOURRGB($,0.50196078431,0.0000000000,0.0000000000);
#1336=IFCSURFACESTYLESHADING(#1335,$);
#1337=IFCSURFACESTYLE($,.POSITIVE.,(#1336));
#1338=IFCSTYLEDITEM(#1330,(#1337));
#1339=IFCCARTESIANPOINT((0.000000000000000000,0.000000000000000000,0.000000000000000000));
#1340=IFCAXIS2PLACEMENT3D(#1339,#1326,#1325);
#1341=IFCRELCONNECTSSTRUCTURALMEMBER('3$4k$mBwXBKhfLNqdMwIj8',#1,'Member 20 Node 9','Start',#1334,#353,#600,$,$,$);
#1342=IFCRELCONNECTSSTRUCTURALMEMBER('1k5sFDSMP0Zfs0xKQfn6Tw',#1,'Member 20 Node 11','End',#1334,#365,#600,$,$,$);
/* Physical */
#1343=IFCEXTRUDEDAREASOLID(#420,#1328,#62,1500.0000000000);
#1344=IFCCOLOURRGB($,0.50196078431,0.0000000000,0.0000000000);
#1345=IFCSURFACESTYLESHADING(#1344,$);
#1346=IFCSURFACESTYLE($,.POSITIVE.,(#1345));
#1347=IFCSTYLEDITEM(#1343,(#1346));
#1348=IFCSHAPEREPRESENTATION(#53,'Body','SweptSolid',(#1343));
#1349=IFCCARTESIANTRANSFORMATIONOPERATOR3D($,$,#55,1.0000000000,$);
#1350=IFCAXIS2PLACEMENT3D(#55,$,$);
#1351=IFCREPRESENTATIONMAP(#1350,#1348);
#1352=IFCMAPPEDITEM(#1351,#1349);
#1353=IFCSHAPEREPRESENTATION(#53,'Body','MappedRepresentation',(#1352));
#1354=IFCPRODUCTDEFINITIONSHAPE($,$,(#1353));
#1355=IFCLOCALPLACEMENT(#71,#54);
#1356=IFCBEAM('2u1E7k97X67RYinZ7BA4zU',#1,'20','310 UB 40.4',$,#1355,#1354,'BEAM',.BEAM.);
/* --Material-- */
#1357=IFCMATERIALPROFILE('Name','Description',#475,#420,$,$);
#1358=IFCMATERIALPROFILESET('Name','Description',(#1357),$);
#1359=IFCMATERIALPROFILESETUSAGE(#1358,10,0.0000000000);
/* --Relationship from the structural and physical member to the material and section-- */
#1360=IFCRELASSOCIATESMATERIAL('3P32Pgg7j5hw$3eBAvdOrX',#1,'Physical/Structural to material relationship',$,(#1334,#1356),#1359);
/* | Relationship: Physical - Structural | */
#1361=IFCRELASSIGNSTOPRODUCT('1w63YhC9fDjPIpUB89Wt08',#1,'Relationship from physical to structuralMember',$,(#1356),.PRODUCT.,#1334);

/* MEMBER NO 21 */
/* Directional local To Global */
#1362=IFCDIRECTION((1.000000000000000000,0.000000000000000000,0.000000000000000000));
#1363=IFCDIRECTION((0.000000000000000000,0.0000000000000000612,1.000000000000000000));
#1364=IFCDIRECTION((0.000000000000000000,1.000000000000000000,-0.0000000000000000612));
#1365=IFCAXIS2PLACEMENT3D(#360,#1362,#1364);
/* Analytical Model */
#1366=IFCLOCALPLACEMENT(#71,#1365);
#1367=IFCEDGE(#361,#343);
#1368=IFCTOPOLOGYREPRESENTATION(#53,'Axis','Edge',(#1367));
#1369=IFCPRODUCTDEFINITIONSHAPE($,$,(#1368));
#1370=IFCLOCALPLACEMENT(#364,#1365);
#1371=IFCSTRUCTURALCURVEMEMBER('2a1WKRijD5UvaIH7rj9xJs',#1,'21','310 UB 40.4',$,#71,#1369,.RIGID_JOINED_MEMBER.,#1363);
#1372=IFCCOLOURRGB($,0.50196078431,0.0000000000,0.0000000000);
#1373=IFCSURFACESTYLESHADING(#1372,$);
#1374=IFCSURFACESTYLE($,.POSITIVE.,(#1373));
#1375=IFCSTYLEDITEM(#1367,(#1374));
#1376=IFCCARTESIANPOINT((0.000000000000000000,0.000000000000000000,0.000000000000000000));
#1377=IFCAXIS2PLACEMENT3D(#1376,#1363,#1362);
/* Node B Fixity */
#1378=IFCBOUNDARYNODECONDITION('End B FFFFRR',IFCBOOLEAN(.T.),IFCBOOLEAN(.T.),IFCBOOLEAN(.T.),IFCBOOLEAN(.T.),IFCBOOLEAN(.F.),IFCBOOLEAN(.F.));
#1379=IFCRELCONNECTSSTRUCTURALMEMBER('000IvPHQf5oxEQZs5fEd2T',#1,'Member 21 Node 11','Start',#1371,#365,#600,$,$,$);
#1380=IFCRELCONNECTSSTRUCTURALMEMBER('3S0HnsU2z0sAeB2iyvcPRa',#1,'Member 21 Node 8','End',#1371,#347,#1378,$,$,$);
/* Physical */
#1381=IFCEXTRUDEDAREASOLID(#420,#1365,#62,1500.0000000000);
#1382=IFCCOLOURRGB($,0.50196078431,0.0000000000,0.0000000000);
#1383=IFCSURFACESTYLESHADING(#1382,$);
#1384=IFCSURFACESTYLE($,.POSITIVE.,(#1383));
#1385=IFCSTYLEDITEM(#1381,(#1384));
#1386=IFCSHAPEREPRESENTATION(#53,'Body','SweptSolid',(#1381));
#1387=IFCCARTESIANTRANSFORMATIONOPERATOR3D($,$,#55,1.0000000000,$);
#1388=IFCAXIS2PLACEMENT3D(#55,$,$);
#1389=IFCREPRESENTATIONMAP(#1388,#1386);
#1390=IFCMAPPEDITEM(#1389,#1387);
#1391=IFCSHAPEREPRESENTATION(#53,'Body','MappedRepresentation',(#1390));
#1392=IFCPRODUCTDEFINITIONSHAPE($,$,(#1391));
#1393=IFCLOCALPLACEMENT(#71,#54);
#1394=IFCBEAM('0C1XNCTrHDagl2zUvVrkPi',#1,'21','310 UB 40.4',$,#1393,#1392,'BEAM',.BEAM.);
/* --Material-- */
#1395=IFCMATERIALPROFILE('Name','Description',#475,#420,$,$);
#1396=IFCMATERIALPROFILESET('Name','Description',(#1395),$);
#1397=IFCMATERIALPROFILESETUSAGE(#1396,10,0.0000000000);
/* --Relationship from the structural and physical member to the material and section-- */
#1398=IFCRELASSOCIATESMATERIAL('0p5Ci1yofE1g5QnnTq25cR',#1,'Physical/Structural to material relationship',$,(#1371,#1394),#1397);
/* | Relationship: Physical - Structural | */
#1399=IFCRELASSIGNSTOPRODUCT('0m2ID818f9eBJPiAPRO0l4',#1,'Relationship from physical to structuralMember',$,(#1394),.PRODUCT.,#1371);

/*  N O D E   L O A D  */
/* Case 4 Node 2 */
#1400=IFCSTRUCTURALLOADSINGLEFORCE('Node load',10000.0000000000,11000.0000000000,0.0000000000,0.0000000000,0.0000000000,0.0000000000);
#1401=IFCSTRUCTURALPOINTACTION('1H6HdBzR54Av0GfEkNSl_9',#1,'Case 4 Node 2',$,$,$,$,#1400,.GLOBAL_COORDS.,.F.);
#1402=IFCRELCONNECTSSTRUCTURALACTIVITY('2h61PtC016eRt00ehb4Cg5',#1,'Case 4 Node 2',$,#311,#1401);

/* Case 4 Node 3 */
#1403=IFCSTRUCTURALLOADSINGLEFORCE('Node load',10000.0000000000,11000.0000000000,0.0000000000,0.0000000000,0.0000000000,0.0000000000);
#1404=IFCSTRUCTURALPOINTACTION('0l0VgRepP2jPYXOmDbhSJL',#1,'Case 4 Node 3',$,$,$,$,#1403,.GLOBAL_COORDS.,.F.);
#1405=IFCRELCONNECTSSTRUCTURALACTIVITY('243lclXnPABRLeNlE2xrSU',#1,'Case 4 Node 3',$,#317,#1404);

/* Case 4 Node 6 */
#1406=IFCSTRUCTURALLOADSINGLEFORCE('Node load',10000.0000000000,11000.0000000000,0.0000000000,0.0000000000,0.0000000000,0.0000000000);
#1407=IFCSTRUCTURALPOINTACTION('3v2TF5fef5RAQEMhB_MWDN',#1,'Case 4 Node 6',$,$,$,$,#1406,.GLOBAL_COORDS.,.F.);
#1408=IFCRELCONNECTSSTRUCTURALACTIVITY('2b0Q0IKqTAbxVHd8O9bJrn',#1,'Case 4 Node 6',$,#335,#1407);

/* Case 4 Node 8 */
#1409=IFCSTRUCTURALLOADSINGLEFORCE('Node load',10000.0000000000,11000.0000000000,0.0000000000,0.0000000000,0.0000000000,0.0000000000);
#1410=IFCSTRUCTURALPOINTACTION('2u61jEX7j3duQGg9Qz025R',#1,'Case 4 Node 8',$,$,$,$,#1409,.GLOBAL_COORDS.,.F.);
#1411=IFCRELCONNECTSSTRUCTURALACTIVITY('0317kxM$f4kv1lRzD7FzjI',#1,'Case 4 Node 8',$,#347,#1410);


/*  L O A D  M E M B E R  C O N C E N T R A T E D  */
/* Case 3 Member 12 Sub Load 1 */
#1412=IFCSTRUCTURALLOADSINGLEFORCE('Actual % = 3000',10000.0000000000,0.0000000000,0.0000000000,12000000.0000000000,0.0000000000,0.0000000000);
#1413=IFCSTRUCTURALLOADCONFIGURATION('Member 12 LoadCase 3',(#1412),((3000.0000000000)));
#1414=IFCSTRUCTURALCURVEACTION('195okjMELF0wPtZyoWP3Ka',#1,'Member 12 LoadCase 3',$,$,$,$,#1413,.GLOBAL_COORDS.,.F.,.TRUE_LENGTH.,.DISCRETE.);
#1415=IFCRELCONNECTSSTRUCTURALACTIVITY('2f1jjlmr5AbesNltvgWEQS',#1,'Member 12 LoadCase 3',$,#1029,#1414);

/* Case 3 Member 13 Sub Load 1 */
#1416=IFCSTRUCTURALLOADSINGLEFORCE('Actual % = 1750',0.0000000000,0.0000000000,-5000.0000000000,0.0000000000,25000000.0000000000,0.0000000000);
#1417=IFCSTRUCTURALLOADCONFIGURATION('Member 13 LoadCase 3',(#1416),((1750.0000000000)));
#1418=IFCSTRUCTURALCURVEACTION('0Q3zhXHML0wg0GyElW5pxr',#1,'Member 13 LoadCase 3',$,$,$,$,#1417,.GLOBAL_COORDS.,.F.,.TRUE_LENGTH.,.DISCRETE.);
#1419=IFCRELCONNECTSSTRUCTURALACTIVITY('1D25AxsHf8TxYsKKqmrTye',#1,'Member 13 LoadCase 3',$,#1068,#1418);

/* Case 3 Member 14 Sub Load 1 */
#1420=IFCSTRUCTURALLOADSINGLEFORCE('Actual % = 3000',10000.0000000000,0.0000000000,0.0000000000,12000000.0000000000,0.0000000000,0.0000000000);
#1421=IFCSTRUCTURALLOADCONFIGURATION('Member 14 LoadCase 3',(#1420),((3000.0000000000)));
#1422=IFCSTRUCTURALCURVEACTION('3U15RL8TP9DvZfQMXxVlet',#1,'Member 14 LoadCase 3',$,$,$,$,#1421,.GLOBAL_COORDS.,.F.,.TRUE_LENGTH.,.DISCRETE.);
#1423=IFCRELCONNECTSSTRUCTURALACTIVITY('2P4hwSW713bwuUvDRcqRZG',#1,'Member 14 LoadCase 3',$,#1107,#1422);

/* Case 3 Member 15 Sub Load 1 */
#1424=IFCSTRUCTURALLOADSINGLEFORCE('Actual % = 1750',0.0000000000,0.0000000000,-5000.0000000000,0.0000000000,25000000.0000000000,0.0000000000);
#1425=IFCSTRUCTURALLOADCONFIGURATION('Member 15 LoadCase 3',(#1424),((1750.0000000000)));
#1426=IFCSTRUCTURALCURVEACTION('194BaxSqfDtPmkVjTN0MI4',#1,'Member 15 LoadCase 3',$,$,$,$,#1425,.GLOBAL_COORDS.,.F.,.TRUE_LENGTH.,.DISCRETE.);
#1427=IFCRELCONNECTSSTRUCTURALACTIVITY('1d1F1BAiP8rO_d_0x34tu6',#1,'Member 15 LoadCase 3',$,#1146,#1426);


/*  L O A D  M E M B E R  F O R C E S  */
/* Case 1 Member 2 Sub Load 1 */
#1428=IFCSTRUCTURALLOADLINEARFORCE('Start',0.0000000000,0.0000000000,0.0000000000,$,$,$);
#1429=IFCSTRUCTURALLOADLINEARFORCE('Finish',0.0000000000,0.0000000000,-1.5000000000,$,$,$);
#1430=IFCSTRUCTURALLOADCONFIGURATION('Member 2 Case 1',(#1428,#1429),((0.0000000000),(750.0000000000)));
#1431=IFCSTRUCTURALCURVEACTION('3w1V$1wsD6b8Enl1$3obfG',#1,'Member 2 Case 1',$,$,$,$,#1430,.GLOBAL_COORDS.,.F.,.PROJECTED_LENGTH.,.LINEAR.);
#1432=IFCRELCONNECTSSTRUCTURALACTIVITY('3B1wLDpUjE5edeupC1pxgi',#1,'Member 2 Case 1',$,#647,#1431);

/* Case 1 Member 2 Sub Load 2 */
#1433=IFCSTRUCTURALLOADLINEARFORCE('Start',0.0000000000,0.0000000000,-1.5000000000,$,$,$);
#1434=IFCSTRUCTURALLOADLINEARFORCE('Finish',0.0000000000,0.0000000000,0.0000000000,$,$,$);
#1435=IFCSTRUCTURALLOADCONFIGURATION('Member 2 Case 1',(#1433,#1434),((750.0000000000),(1500.0000000000)));
#1436=IFCSTRUCTURALCURVEACTION('163pI7An94wwjePe5tCwcJ',#1,'Member 2 Case 1',$,$,$,$,#1435,.GLOBAL_COORDS.,.F.,.PROJECTED_LENGTH.,.LINEAR.);
#1437=IFCRELCONNECTSSTRUCTURALACTIVITY('1619FVU597iAWb0qGtsNyh',#1,'Member 2 Case 1',$,#647,#1436);

/* Case 1 Member 6 Sub Load 1 */
#1438=IFCSTRUCTURALLOADLINEARFORCE('Start',0.0000000000,0.0000000000,0.0000000000,$,$,$);
#1439=IFCSTRUCTURALLOADLINEARFORCE('Finish',0.0000000000,0.0000000000,-1.5000000000,$,$,$);
#1440=IFCSTRUCTURALLOADCONFIGURATION('Member 6 Case 1',(#1438,#1439),((0.0000000000),(750.0000000000)));
#1441=IFCSTRUCTURALCURVEACTION('2e3BHXIL19Qw$qx593LLYW',#1,'Member 6 Case 1',$,$,$,$,#1440,.GLOBAL_COORDS.,.F.,.PROJECTED_LENGTH.,.LINEAR.);
#1442=IFCRELCONNECTSSTRUCTURALACTIVITY('2x3bFhzJj24fySHygtmJQn',#1,'Member 6 Case 1',$,#796,#1441);

/* Case 1 Member 6 Sub Load 2 */
#1443=IFCSTRUCTURALLOADLINEARFORCE('Start',0.0000000000,0.0000000000,-1.5000000000,$,$,$);
#1444=IFCSTRUCTURALLOADLINEARFORCE('Finish',0.0000000000,0.0000000000,0.0000000000,$,$,$);
#1445=IFCSTRUCTURALLOADCONFIGURATION('Member 6 Case 1',(#1443,#1444),((750.0000000000),(1500.0000000000)));
#1446=IFCSTRUCTURALCURVEACTION('252K9g$i9ECuFK6K9aHmw9',#1,'Member 6 Case 1',$,$,$,$,#1445,.GLOBAL_COORDS.,.F.,.PROJECTED_LENGTH.,.LINEAR.);
#1447=IFCRELCONNECTSSTRUCTURALACTIVITY('1z3IFfhIDD5gh9$nNmtK8C',#1,'Member 6 Case 1',$,#796,#1446);

/* Case 1 Member 9 Sub Load 1 */
#1448=IFCSTRUCTURALLOADLINEARFORCE('Start',0.0000000000,0.0000000000,0.0000000000,$,$,$);
#1449=IFCSTRUCTURALLOADLINEARFORCE('Finish',0.0000000000,0.0000000000,-1.5000000000,$,$,$);
#1450=IFCSTRUCTURALLOADCONFIGURATION('Member 9 Case 1',(#1448,#1449),((0.0000000000),(750.0000000000)));
#1451=IFCSTRUCTURALCURVEACTION('2V4e7rYFf1KxZjjVT6v1BR',#1,'Member 9 Case 1',$,$,$,$,#1450,.GLOBAL_COORDS.,.F.,.PROJECTED_LENGTH.,.LINEAR.);
#1452=IFCRELCONNECTSSTRUCTURALACTIVITY('1o1gct6NnDw8mNYwQMbLi5',#1,'Member 9 Case 1',$,#912,#1451);

/* Case 1 Member 9 Sub Load 2 */
#1453=IFCSTRUCTURALLOADLINEARFORCE('Start',0.0000000000,0.0000000000,-1.5000000000,$,$,$);
#1454=IFCSTRUCTURALLOADLINEARFORCE('Finish',0.0000000000,0.0000000000,-1.5000000000,$,$,$);
#1455=IFCSTRUCTURALLOADCONFIGURATION('Member 9 Case 1',(#1453,#1454),((750.0000000000),(4250.0000000000)));
#1456=IFCSTRUCTURALCURVEACTION('2z6OZIbz10bOJSeQf0suNC',#1,'Member 9 Case 1',$,$,$,$,#1455,.GLOBAL_COORDS.,.F.,.PROJECTED_LENGTH.,.LINEAR.);
#1457=IFCRELCONNECTSSTRUCTURALACTIVITY('3L292whl53XuyC3LL8JjJa',#1,'Member 9 Case 1',$,#912,#1456);

/* Case 1 Member 9 Sub Load 3 */
#1458=IFCSTRUCTURALLOADLINEARFORCE('Start',0.0000000000,0.0000000000,-1.5000000000,$,$,$);
#1459=IFCSTRUCTURALLOADLINEARFORCE('Finish',0.0000000000,0.0000000000,0.0000000000,$,$,$);
#1460=IFCSTRUCTURALLOADCONFIGURATION('Member 9 Case 1',(#1458,#1459),((4250.0000000000),(5000.0000000000)));
#1461=IFCSTRUCTURALCURVEACTION('1f5_Djgxr8i8lYjjCy7ULw',#1,'Member 9 Case 1',$,$,$,$,#1460,.GLOBAL_COORDS.,.F.,.PROJECTED_LENGTH.,.LINEAR.);
#1462=IFCRELCONNECTSSTRUCTURALACTIVITY('3L5Ggy9bjDxhdDG85PiE3a',#1,'Member 9 Case 1',$,#912,#1461);

/* Case 1 Member 12 Sub Load 1 */
#1463=IFCSTRUCTURALLOADLINEARFORCE('Start',0.0000000000,0.0000000000,0.0000000000,$,$,$);
#1464=IFCSTRUCTURALLOADLINEARFORCE('Finish',0.0000000000,0.0000000000,-1.5000000000,$,$,$);
#1465=IFCSTRUCTURALLOADCONFIGURATION('Member 12 Case 1',(#1463,#1464),((0.0000000000),(750.0000000000)));
#1466=IFCSTRUCTURALCURVEACTION('0B3mwMyXvDTeV5aVEIe9vV',#1,'Member 12 Case 1',$,$,$,$,#1465,.GLOBAL_COORDS.,.F.,.PROJECTED_LENGTH.,.LINEAR.);
#1467=IFCRELCONNECTSSTRUCTURALACTIVITY('0k2wHYiC91mwXKnMXllKiy',#1,'Member 12 Case 1',$,#1029,#1466);

/* Case 1 Member 12 Sub Load 2 */
#1468=IFCSTRUCTURALLOADLINEARFORCE('Start',0.0000000000,0.0000000000,-1.5000000000,$,$,$);
#1469=IFCSTRUCTURALLOADLINEARFORCE('Finish',0.0000000000,0.0000000000,-1.5000000000,$,$,$);
#1470=IFCSTRUCTURALLOADCONFIGURATION('Member 12 Case 1',(#1468,#1469),((750.0000000000),(4250.0000000000)));
#1471=IFCSTRUCTURALCURVEACTION('3L0xdRjH1CEAHptG2DTqjQ',#1,'Member 12 Case 1',$,$,$,$,#1470,.GLOBAL_COORDS.,.F.,.PROJECTED_LENGTH.,.LINEAR.);
#1472=IFCRELCONNECTSSTRUCTURALACTIVITY('2Q5BS2J85DmRz8I6wO7d4$',#1,'Member 12 Case 1',$,#1029,#1471);

/* Case 1 Member 12 Sub Load 3 */
#1473=IFCSTRUCTURALLOADLINEARFORCE('Start',0.0000000000,0.0000000000,-1.5000000000,$,$,$);
#1474=IFCSTRUCTURALLOADLINEARFORCE('Finish',0.0000000000,0.0000000000,0.0000000000,$,$,$);
#1475=IFCSTRUCTURALLOADCONFIGURATION('Member 12 Case 1',(#1473,#1474),((4250.0000000000),(5000.0000000000)));
#1476=IFCSTRUCTURALCURVEACTION('2E4cRnFn521uGKD8QwcxNZ',#1,'Member 12 Case 1',$,$,$,$,#1475,.GLOBAL_COORDS.,.F.,.PROJECTED_LENGTH.,.LINEAR.);
#1477=IFCRELCONNECTSSTRUCTURALACTIVITY('1w46QC_0T7uPFT5vcsh5Ua',#1,'Member 12 Case 1',$,#1029,#1476);

/* Case 1 Member 14 Sub Load 1 */
#1478=IFCSTRUCTURALLOADLINEARFORCE('Start',0.0000000000,0.0000000000,0.0000000000,$,$,$);
#1479=IFCSTRUCTURALLOADLINEARFORCE('Finish',0.0000000000,0.0000000000,-1.5000000000,$,$,$);
#1480=IFCSTRUCTURALLOADCONFIGURATION('Member 14 Case 1',(#1478,#1479),((0.0000000000),(750.0000000000)));
#1481=IFCSTRUCTURALCURVEACTION('0I0$qSXCzFjBlQtZg3l93v',#1,'Member 14 Case 1',$,$,$,$,#1480,.GLOBAL_COORDS.,.F.,.PROJECTED_LENGTH.,.LINEAR.);
#1482=IFCRELCONNECTSSTRUCTURALACTIVITY('123fhNxKXCmv6exQA7tueY',#1,'Member 14 Case 1',$,#1107,#1481);

/* Case 1 Member 14 Sub Load 2 */
#1483=IFCSTRUCTURALLOADLINEARFORCE('Start',0.0000000000,0.0000000000,-1.5000000000,$,$,$);
#1484=IFCSTRUCTURALLOADLINEARFORCE('Finish',0.0000000000,0.0000000000,-1.5000000000,$,$,$);
#1485=IFCSTRUCTURALLOADCONFIGURATION('Member 14 Case 1',(#1483,#1484),((750.0000000000),(4250.0000000000)));
#1486=IFCSTRUCTURALCURVEACTION('333UUSc$vD5fksMWffWlWq',#1,'Member 14 Case 1',$,$,$,$,#1485,.GLOBAL_COORDS.,.F.,.PROJECTED_LENGTH.,.LINEAR.);
#1487=IFCRELCONNECTSSTRUCTURALACTIVITY('0A1BEyL0LB593SEhn$VHsk',#1,'Member 14 Case 1',$,#1107,#1486);

/* Case 1 Member 14 Sub Load 3 */
#1488=IFCSTRUCTURALLOADLINEARFORCE('Start',0.0000000000,0.0000000000,-1.5000000000,$,$,$);
#1489=IFCSTRUCTURALLOADLINEARFORCE('Finish',0.0000000000,0.0000000000,0.0000000000,$,$,$);
#1490=IFCSTRUCTURALLOADCONFIGURATION('Member 14 Case 1',(#1488,#1489),((4250.0000000000),(5000.0000000000)));
#1491=IFCSTRUCTURALCURVEACTION('1Q2mnfIWjDeR7Sf1TCVWko',#1,'Member 14 Case 1',$,$,$,$,#1490,.GLOBAL_COORDS.,.F.,.PROJECTED_LENGTH.,.LINEAR.);
#1492=IFCRELCONNECTSSTRUCTURALACTIVITY('2R17fmcEv0CBQ3pXvfxt$r',#1,'Member 14 Case 1',$,#1107,#1491);

/* Case 1 Member 15 Sub Load 1 */
#1493=IFCSTRUCTURALLOADLINEARFORCE('Start',0.0000000000,0.0000000000,0.0000000000,$,$,$);
#1494=IFCSTRUCTURALLOADLINEARFORCE('Finish',0.0000000000,0.0000000000,-1.5000000000,$,$,$);
#1495=IFCSTRUCTURALLOADCONFIGURATION('Member 15 Case 1',(#1493,#1494),((0.0000000000),(750.0000000000)));
#1496=IFCSTRUCTURALCURVEACTION('0M4QguTnnAAgeIu5xXI526',#1,'Member 15 Case 1',$,$,$,$,#1495,.GLOBAL_COORDS.,.F.,.PROJECTED_LENGTH.,.LINEAR.);
#1497=IFCRELCONNECTSSTRUCTURALACTIVITY('2z1QTI_g5EkwJYe17JcGMW',#1,'Member 15 Case 1',$,#1146,#1496);

/* Case 1 Member 15 Sub Load 2 */
#1498=IFCSTRUCTURALLOADLINEARFORCE('Start',0.0000000000,0.0000000000,-1.5000000000,$,$,$);
#1499=IFCSTRUCTURALLOADLINEARFORCE('Finish',0.0000000000,0.0000000000,-1.5000000000,$,$,$);
#1500=IFCSTRUCTURALLOADCONFIGURATION('Member 15 Case 1',(#1498,#1499),((750.0000000000),(4250.0000000000)));
#1501=IFCSTRUCTURALCURVEACTION('2567$KsT93qBWmOESNPQKu',#1,'Member 15 Case 1',$,$,$,$,#1500,.GLOBAL_COORDS.,.F.,.PROJECTED_LENGTH.,.LINEAR.);
#1502=IFCRELCONNECTSSTRUCTURALACTIVITY('2F4JZpxJP6VPGyF2z0xcBU',#1,'Member 15 Case 1',$,#1146,#1501);

/* Case 1 Member 15 Sub Load 3 */
#1503=IFCSTRUCTURALLOADLINEARFORCE('Start',0.0000000000,0.0000000000,-1.5000000000,$,$,$);
#1504=IFCSTRUCTURALLOADLINEARFORCE('Finish',0.0000000000,0.0000000000,0.0000000000,$,$,$);
#1505=IFCSTRUCTURALLOADCONFIGURATION('Member 15 Case 1',(#1503,#1504),((4250.0000000000),(5000.0000000000)));
#1506=IFCSTRUCTURALCURVEACTION('3L37JY1XT74vM80aL7R2qN',#1,'Member 15 Case 1',$,$,$,$,#1505,.GLOBAL_COORDS.,.F.,.PROJECTED_LENGTH.,.LINEAR.);
#1507=IFCRELCONNECTSSTRUCTURALACTIVITY('2x3qfj3o95EA6xoLQgQIOE',#1,'Member 15 Case 1',$,#1146,#1506);

/* Case 1 Member 18 Sub Load 1 */
#1508=IFCSTRUCTURALLOADLINEARFORCE('Start',0.0000000000,0.0000000000,0.0000000000,$,$,$);
#1509=IFCSTRUCTURALLOADLINEARFORCE('Finish',0.0000000000,0.0000000000,-1.5000000000,$,$,$);
#1510=IFCSTRUCTURALLOADCONFIGURATION('Member 18 Case 1',(#1508,#1509),((0.0000000000),(750.0000000000)));
#1511=IFCSTRUCTURALCURVEACTION('0v5s_3f4DEJ8nZFYdguzfJ',#1,'Member 18 Case 1',$,$,$,$,#1510,.GLOBAL_COORDS.,.F.,.PROJECTED_LENGTH.,.LINEAR.);
#1512=IFCRELCONNECTSSTRUCTURALACTIVITY('1Q0t2p$eP16w0tVrSYPxFg',#1,'Member 18 Case 1',$,#1259,#1511);

/* Case 1 Member 18 Sub Load 2 */
#1513=IFCSTRUCTURALLOADLINEARFORCE('Start',0.0000000000,0.0000000000,-1.5000000000,$,$,$);
#1514=IFCSTRUCTURALLOADLINEARFORCE('Finish',0.0000000000,0.0000000000,0.0000000000,$,$,$);
#1515=IFCSTRUCTURALLOADCONFIGURATION('Member 18 Case 1',(#1513,#1514),((750.0000000000),(1500.0000000000)));
#1516=IFCSTRUCTURALCURVEACTION('3c2$9BfAT5ZvCN5oHo7LAf',#1,'Member 18 Case 1',$,$,$,$,#1515,.GLOBAL_COORDS.,.F.,.PROJECTED_LENGTH.,.LINEAR.);
#1517=IFCRELCONNECTSSTRUCTURALACTIVITY('3c66$2yqn4SwYax_Spt_T7',#1,'Member 18 Case 1',$,#1259,#1516);

/* Case 1 Member 21 Sub Load 1 */
#1518=IFCSTRUCTURALLOADLINEARFORCE('Start',0.0000000000,0.0000000000,0.0000000000,$,$,$);
#1519=IFCSTRUCTURALLOADLINEARFORCE('Finish',0.0000000000,0.0000000000,-1.5000000000,$,$,$);
#1520=IFCSTRUCTURALLOADCONFIGURATION('Member 21 Case 1',(#1518,#1519),((0.0000000000),(750.0000000000)));
#1521=IFCSTRUCTURALCURVEACTION('275zhkpyn2$9FJByNSFERP',#1,'Member 21 Case 1',$,$,$,$,#1520,.GLOBAL_COORDS.,.F.,.PROJECTED_LENGTH.,.LINEAR.);
#1522=IFCRELCONNECTSSTRUCTURALACTIVITY('0m3lcabDrAEP$DBD56cSl$',#1,'Member 21 Case 1',$,#1371,#1521);

/* Case 1 Member 21 Sub Load 2 */
#1523=IFCSTRUCTURALLOADLINEARFORCE('Start',0.0000000000,0.0000000000,-1.5000000000,$,$,$);
#1524=IFCSTRUCTURALLOADLINEARFORCE('Finish',0.0000000000,0.0000000000,0.0000000000,$,$,$);
#1525=IFCSTRUCTURALLOADCONFIGURATION('Member 21 Case 1',(#1523,#1524),((750.0000000000),(1500.0000000000)));
#1526=IFCSTRUCTURALCURVEACTION('2R5woEduP9heX$6vxpPEpv',#1,'Member 21 Case 1',$,$,$,$,#1525,.GLOBAL_COORDS.,.F.,.PROJECTED_LENGTH.,.LINEAR.);
#1527=IFCRELCONNECTSSTRUCTURALACTIVITY('3g2lMnjoH7fevQPSuimkaX',#1,'Member 21 Case 1',$,#1371,#1526);

/* Case 2 Member 2 Sub Load 1 */
#1528=IFCSTRUCTURALLOADLINEARFORCE('Start',0.0000000000,0.0000000000,0.0000000000,$,$,$);
#1529=IFCSTRUCTURALLOADLINEARFORCE('Finish',0.0000000000,0.0000000000,-2.2500000000,$,$,$);
#1530=IFCSTRUCTURALLOADCONFIGURATION('Member 2 Case 2',(#1528,#1529),((0.0000000000),(750.0000000000)));
#1531=IFCSTRUCTURALCURVEACTION('165IFI0t50yxkawzkZ1cRI',#1,'Member 2 Case 2',$,$,$,$,#1530,.GLOBAL_COORDS.,.F.,.PROJECTED_LENGTH.,.LINEAR.);
#1532=IFCRELCONNECTSSTRUCTURALACTIVITY('2$4T_Q$Tv3$9lXQ0dJuz4T',#1,'Member 2 Case 2',$,#647,#1531);

/* Case 2 Member 2 Sub Load 2 */
#1533=IFCSTRUCTURALLOADLINEARFORCE('Start',0.0000000000,0.0000000000,-2.2500000000,$,$,$);
#1534=IFCSTRUCTURALLOADLINEARFORCE('Finish',0.0000000000,0.0000000000,0.0000000000,$,$,$);
#1535=IFCSTRUCTURALLOADCONFIGURATION('Member 2 Case 2',(#1533,#1534),((750.0000000000),(1500.0000000000)));
#1536=IFCSTRUCTURALCURVEACTION('1O4W0JbTv58w$3Hewj2Hci',#1,'Member 2 Case 2',$,$,$,$,#1535,.GLOBAL_COORDS.,.F.,.PROJECTED_LENGTH.,.LINEAR.);
#1537=IFCRELCONNECTSSTRUCTURALACTIVITY('2W5cA90K97lfPYyd6OdDpW',#1,'Member 2 Case 2',$,#647,#1536);

/* Case 2 Member 6 Sub Load 1 */
#1538=IFCSTRUCTURALLOADLINEARFORCE('Start',0.0000000000,0.0000000000,0.0000000000,$,$,$);
#1539=IFCSTRUCTURALLOADLINEARFORCE('Finish',0.0000000000,0.0000000000,-2.2500000000,$,$,$);
#1540=IFCSTRUCTURALLOADCONFIGURATION('Member 6 Case 2',(#1538,#1539),((0.0000000000),(750.0000000000)));
#1541=IFCSTRUCTURALCURVEACTION('1006RPRMT78heYn_aA$P_Z',#1,'Member 6 Case 2',$,$,$,$,#1540,.GLOBAL_COORDS.,.F.,.PROJECTED_LENGTH.,.LINEAR.);
#1542=IFCRELCONNECTSSTRUCTURALACTIVITY('3J3ZsC2JvAAxTD$5CqsBzN',#1,'Member 6 Case 2',$,#796,#1541);

/* Case 2 Member 6 Sub Load 2 */
#1543=IFCSTRUCTURALLOADLINEARFORCE('Start',0.0000000000,0.0000000000,-2.2500000000,$,$,$);
#1544=IFCSTRUCTURALLOADLINEARFORCE('Finish',0.0000000000,0.0000000000,0.0000000000,$,$,$);
#1545=IFCSTRUCTURALLOADCONFIGURATION('Member 6 Case 2',(#1543,#1544),((750.0000000000),(1500.0000000000)));
#1546=IFCSTRUCTURALCURVEACTION('0X0XZO98L6uvi7l8LUaz2_',#1,'Member 6 Case 2',$,$,$,$,#1545,.GLOBAL_COORDS.,.F.,.PROJECTED_LENGTH.,.LINEAR.);
#1547=IFCRELCONNECTSSTRUCTURALACTIVITY('2h21K1lND0HBO7o24IS3Yi',#1,'Member 6 Case 2',$,#796,#1546);

/* Case 2 Member 9 Sub Load 1 */
#1548=IFCSTRUCTURALLOADLINEARFORCE('Start',0.0000000000,0.0000000000,-2.2500000000,$,$,$);
#1549=IFCSTRUCTURALLOADLINEARFORCE('Finish',0.0000000000,0.0000000000,-2.2500000000,$,$,$);
#1550=IFCSTRUCTURALLOADCONFIGURATION('Member 9 Case 2',(#1548,#1549),((0.0000000000),(5000.0000000000)));
#1551=IFCSTRUCTURALCURVEACTION('1m5gie1Ub2kxVH9CJbVHv_',#1,'Member 9 Case 2',$,$,$,$,#1550,.GLOBAL_COORDS.,.F.,.PROJECTED_LENGTH.,.LINEAR.);
#1552=IFCRELCONNECTSSTRUCTURALACTIVITY('3829TDkxP16ef3aIIddoc8',#1,'Member 9 Case 2',$,#912,#1551);

/* Case 2 Member 9 Sub Load 2 */
#1553=IFCSTRUCTURALLOADLINEARFORCE('Start',0.0000000000,0.0000000000,0.0000000000,$,$,$);
#1554=IFCSTRUCTURALLOADLINEARFORCE('Finish',0.0000000000,0.0000000000,-2.2500000000,$,$,$);
#1555=IFCSTRUCTURALLOADCONFIGURATION('Member 9 Case 2',(#1553,#1554),((0.0000000000),(750.0000000000)));
#1556=IFCSTRUCTURALCURVEACTION('161X5yBrT8DwqpPEiOE1Vw',#1,'Member 9 Case 2',$,$,$,$,#1555,.GLOBAL_COORDS.,.F.,.PROJECTED_LENGTH.,.LINEAR.);
#1557=IFCRELCONNECTSSTRUCTURALACTIVITY('2v0kKa3NHDxuf0nKH6XRS7',#1,'Member 9 Case 2',$,#912,#1556);

/* Case 2 Member 9 Sub Load 3 */
#1558=IFCSTRUCTURALLOADLINEARFORCE('Start',0.0000000000,0.0000000000,-2.2500000000,$,$,$);
#1559=IFCSTRUCTURALLOADLINEARFORCE('Finish',0.0000000000,0.0000000000,-2.2500000000,$,$,$);
#1560=IFCSTRUCTURALLOADCONFIGURATION('Member 9 Case 2',(#1558,#1559),((750.0000000000),(4250.0000000000)));
#1561=IFCSTRUCTURALCURVEACTION('0M48RFp396G9BtgpJJrUJe',#1,'Member 9 Case 2',$,$,$,$,#1560,.GLOBAL_COORDS.,.F.,.PROJECTED_LENGTH.,.LINEAR.);
#1562=IFCRELCONNECTSSTRUCTURALACTIVITY('0g5o10nvT0k8tLopvoOCX6',#1,'Member 9 Case 2',$,#912,#1561);

/* Case 2 Member 9 Sub Load 4 */
#1563=IFCSTRUCTURALLOADLINEARFORCE('Start',0.0000000000,0.0000000000,-2.2500000000,$,$,$);
#1564=IFCSTRUCTURALLOADLINEARFORCE('Finish',0.0000000000,0.0000000000,0.0000000000,$,$,$);
#1565=IFCSTRUCTURALLOADCONFIGURATION('Member 9 Case 2',(#1563,#1564),((4250.0000000000),(5000.0000000000)));
#1566=IFCSTRUCTURALCURVEACTION('2o4IgTrpjBa8svaFo04Eg5',#1,'Member 9 Case 2',$,$,$,$,#1565,.GLOBAL_COORDS.,.F.,.PROJECTED_LENGTH.,.LINEAR.);
#1567=IFCRELCONNECTSSTRUCTURALACTIVITY('1Z1iLdmZf1J9loiuJ6s8jI',#1,'Member 9 Case 2',$,#912,#1566);

/* Case 2 Member 12 Sub Load 1 */
#1568=IFCSTRUCTURALLOADLINEARFORCE('Start',0.0000000000,0.0000000000,-2.2500000000,$,$,$);
#1569=IFCSTRUCTURALLOADLINEARFORCE('Finish',0.0000000000,0.0000000000,-2.2500000000,$,$,$);
#1570=IFCSTRUCTURALLOADCONFIGURATION('Member 12 Case 2',(#1568,#1569),((0.0000000000),(5000.0000000000)));
#1571=IFCSTRUCTURALCURVEACTION('3x1jaRuCDCPvb1XxDvG4Qj',#1,'Member 12 Case 2',$,$,$,$,#1570,.GLOBAL_COORDS.,.F.,.PROJECTED_LENGTH.,.LINEAR.);
#1572=IFCRELCONNECTSSTRUCTURALACTIVITY('0e1s3mEXH8yho_6JXzu0uR',#1,'Member 12 Case 2',$,#1029,#1571);

/* Case 2 Member 12 Sub Load 2 */
#1573=IFCSTRUCTURALLOADLINEARFORCE('Start',0.0000000000,0.0000000000,0.0000000000,$,$,$);
#1574=IFCSTRUCTURALLOADLINEARFORCE('Finish',0.0000000000,0.0000000000,-2.2500000000,$,$,$);
#1575=IFCSTRUCTURALLOADCONFIGURATION('Member 12 Case 2',(#1573,#1574),((0.0000000000),(750.0000000000)));
#1576=IFCSTRUCTURALCURVEACTION('2A6I_cwf9BrvtiOiIcBIis',#1,'Member 12 Case 2',$,$,$,$,#1575,.GLOBAL_COORDS.,.F.,.PROJECTED_LENGTH.,.LINEAR.);
#1577=IFCRELCONNECTSSTRUCTURALACTIVITY('3e03cUOmP1nQ653B5eTSUV',#1,'Member 12 Case 2',$,#1029,#1576);

/* Case 2 Member 12 Sub Load 3 */
#1578=IFCSTRUCTURALLOADLINEARFORCE('Start',0.0000000000,0.0000000000,-2.2500000000,$,$,$);
#1579=IFCSTRUCTURALLOADLINEARFORCE('Finish',0.0000000000,0.0000000000,-2.2500000000,$,$,$);
#1580=IFCSTRUCTURALLOADCONFIGURATION('Member 12 Case 2',(#1578,#1579),((750.0000000000),(4250.0000000000)));
#1581=IFCSTRUCTURALCURVEACTION('2P2AHCeJT7xQhNYmxpy00h',#1,'Member 12 Case 2',$,$,$,$,#1580,.GLOBAL_COORDS.,.F.,.PROJECTED_LENGTH.,.LINEAR.);
#1582=IFCRELCONNECTSSTRUCTURALACTIVITY('1A0iybnYr0VgpB30kMNj3u',#1,'Member 12 Case 2',$,#1029,#1581);

/* Case 2 Member 12 Sub Load 4 */
#1583=IFCSTRUCTURALLOADLINEARFORCE('Start',0.0000000000,0.0000000000,-2.2500000000,$,$,$);
#1584=IFCSTRUCTURALLOADLINEARFORCE('Finish',0.0000000000,0.0000000000,0.0000000000,$,$,$);
#1585=IFCSTRUCTURALLOADCONFIGURATION('Member 12 Case 2',(#1583,#1584),((4250.0000000000),(5000.0000000000)));
#1586=IFCSTRUCTURALCURVEACTION('2o0sHMmxX70RkgaYeH9440',#1,'Member 12 Case 2',$,$,$,$,#1585,.GLOBAL_COORDS.,.F.,.PROJECTED_LENGTH.,.LINEAR.);
#1587=IFCRELCONNECTSSTRUCTURALACTIVITY('3a5muhiTz7Bfp9wWo599NK',#1,'Member 12 Case 2',$,#1029,#1586);

/* Case 2 Member 13 Sub Load 1 */
#1588=IFCSTRUCTURALLOADLINEARFORCE('Start',0.0000000000,0.0000000000,-4.5000000000,$,$,$);
#1589=IFCSTRUCTURALLOADLINEARFORCE('Finish',0.0000000000,0.0000000000,-4.5000000000,$,$,$);
#1590=IFCSTRUCTURALLOADCONFIGURATION('Member 13 Case 2',(#1588,#1589),((0.0000000000),(5000.0000000000)));
#1591=IFCSTRUCTURALCURVEACTION('1d2OXqVO1FPfS72NMetc2t',#1,'Member 13 Case 2',$,$,$,$,#1590,.GLOBAL_COORDS.,.F.,.PROJECTED_LENGTH.,.LINEAR.);
#1592=IFCRELCONNECTSSTRUCTURALACTIVITY('2U4uCUHV53LPBwRw5cW1q8',#1,'Member 13 Case 2',$,#1068,#1591);

/* Case 2 Member 13 Sub Load 2 */
#1593=IFCSTRUCTURALLOADLINEARFORCE('Start',0.0000000000,0.0000000000,0.0000000000,$,$,$);
#1594=IFCSTRUCTURALLOADLINEARFORCE('Finish',0.0000000000,0.0000000000,-2.2500000000,$,$,$);
#1595=IFCSTRUCTURALLOADCONFIGURATION('Member 13 Case 2',(#1593,#1594),((0.0000000000),(750.0000000000)));
#1596=IFCSTRUCTURALCURVEACTION('0G3EhlrAD77Ap3fqrbwaAP',#1,'Member 13 Case 2',$,$,$,$,#1595,.GLOBAL_COORDS.,.F.,.PROJECTED_LENGTH.,.LINEAR.);
#1597=IFCRELCONNECTSSTRUCTURALACTIVITY('1G1Dl48MnFLxBq8BF4IMlv',#1,'Member 13 Case 2',$,#1068,#1596);

/* Case 2 Member 13 Sub Load 3 */
#1598=IFCSTRUCTURALLOADLINEARFORCE('Start',0.0000000000,0.0000000000,-2.2500000000,$,$,$);
#1599=IFCSTRUCTURALLOADLINEARFORCE('Finish',0.0000000000,0.0000000000,-2.2500000000,$,$,$);
#1600=IFCSTRUCTURALLOADCONFIGURATION('Member 13 Case 2',(#1598,#1599),((750.0000000000),(4250.0000000000)));
#1601=IFCSTRUCTURALCURVEACTION('0I0sE6RH9EWO1Z0QTS9abJ',#1,'Member 13 Case 2',$,$,$,$,#1600,.GLOBAL_COORDS.,.F.,.PROJECTED_LENGTH.,.LINEAR.);
#1602=IFCRELCONNECTSSTRUCTURALACTIVITY('1V2n3JxTzDSw2spN36sS06',#1,'Member 13 Case 2',$,#1068,#1601);

/* Case 2 Member 13 Sub Load 4 */
#1603=IFCSTRUCTURALLOADLINEARFORCE('Start',0.0000000000,0.0000000000,-2.2500000000,$,$,$);
#1604=IFCSTRUCTURALLOADLINEARFORCE('Finish',0.0000000000,0.0000000000,0.0000000000,$,$,$);
#1605=IFCSTRUCTURALLOADCONFIGURATION('Member 13 Case 2',(#1603,#1604),((4250.0000000000),(5000.0000000000)));
#1606=IFCSTRUCTURALCURVEACTION('3v1sKUUk9Fzgq0a2_rH3bD',#1,'Member 13 Case 2',$,$,$,$,#1605,.GLOBAL_COORDS.,.F.,.PROJECTED_LENGTH.,.LINEAR.);
#1607=IFCRELCONNECTSSTRUCTURALACTIVITY('0o2XTqqNH6F9vWD6EaMLD_',#1,'Member 13 Case 2',$,#1068,#1606);

/* Case 2 Member 13 Sub Load 5 */
#1608=IFCSTRUCTURALLOADLINEARFORCE('Start',0.0000000000,0.0000000000,0.0000000000,$,$,$);
#1609=IFCSTRUCTURALLOADLINEARFORCE('Finish',0.0000000000,0.0000000000,-2.2500000000,$,$,$);
#1610=IFCSTRUCTURALLOADCONFIGURATION('Member 13 Case 2',(#1608,#1609),((0.0000000000),(750.0000000000)));
#1611=IFCSTRUCTURALCURVEACTION('0519uOGJXDJwfCz1DQGNxC',#1,'Member 13 Case 2',$,$,$,$,#1610,.GLOBAL_COORDS.,.F.,.PROJECTED_LENGTH.,.LINEAR.);
#1612=IFCRELCONNECTSSTRUCTURALACTIVITY('1D1MkY6Wv2eh$auAwrJbOg',#1,'Member 13 Case 2',$,#1068,#1611);

/* Case 2 Member 13 Sub Load 6 */
#1613=IFCSTRUCTURALLOADLINEARFORCE('Start',0.0000000000,0.0000000000,-2.2500000000,$,$,$);
#1614=IFCSTRUCTURALLOADLINEARFORCE('Finish',0.0000000000,0.0000000000,-2.2500000000,$,$,$);
#1615=IFCSTRUCTURALLOADCONFIGURATION('Member 13 Case 2',(#1613,#1614),((750.0000000000),(4250.0000000000)));
#1616=IFCSTRUCTURALCURVEACTION('0E69Dk6Sr5jAQ6V1vZYQa9',#1,'Member 13 Case 2',$,$,$,$,#1615,.GLOBAL_COORDS.,.F.,.PROJECTED_LENGTH.,.LINEAR.);
#1617=IFCRELCONNECTSSTRUCTURALACTIVITY('3U456F5Pv3KPCeRwwRGMpQ',#1,'Member 13 Case 2',$,#1068,#1616);

/* Case 2 Member 13 Sub Load 7 */
#1618=IFCSTRUCTURALLOADLINEARFORCE('Start',0.0000000000,0.0000000000,-2.2500000000,$,$,$);
#1619=IFCSTRUCTURALLOADLINEARFORCE('Finish',0.0000000000,0.0000000000,0.0000000000,$,$,$);
#1620=IFCSTRUCTURALLOADCONFIGURATION('Member 13 Case 2',(#1618,#1619),((4250.0000000000),(5000.0000000000)));
#1621=IFCSTRUCTURALCURVEACTION('2_3GYqMR5FLuyDifGvp63A',#1,'Member 13 Case 2',$,$,$,$,#1620,.GLOBAL_COORDS.,.F.,.PROJECTED_LENGTH.,.LINEAR.);
#1622=IFCRELCONNECTSSTRUCTURALACTIVITY('2Z33eZxxT34v7flBXcJIwC',#1,'Member 13 Case 2',$,#1068,#1621);

/* Case 2 Member 14 Sub Load 1 */
#1623=IFCSTRUCTURALLOADLINEARFORCE('Start',0.0000000000,0.0000000000,-4.5000000000,$,$,$);
#1624=IFCSTRUCTURALLOADLINEARFORCE('Finish',0.0000000000,0.0000000000,-4.5000000000,$,$,$);
#1625=IFCSTRUCTURALLOADCONFIGURATION('Member 14 Case 2',(#1623,#1624),((0.0000000000),(5000.0000000000)));
#1626=IFCSTRUCTURALCURVEACTION('1w5Bmyb058wwtwrGUGHKGo',#1,'Member 14 Case 2',$,$,$,$,#1625,.GLOBAL_COORDS.,.F.,.PROJECTED_LENGTH.,.LINEAR.);
#1627=IFCRELCONNECTSSTRUCTURALACTIVITY('0j2Awd8C993gYiO5FO8pzf',#1,'Member 14 Case 2',$,#1107,#1626);

/* Case 2 Member 14 Sub Load 2 */
#1628=IFCSTRUCTURALLOADLINEARFORCE('Start',0.0000000000,0.0000000000,0.0000000000,$,$,$);
#1629=IFCSTRUCTURALLOADLINEARFORCE('Finish',0.0000000000,0.0000000000,-2.2500000000,$,$,$);
#1630=IFCSTRUCTURALLOADCONFIGURATION('Member 14 Case 2',(#1628,#1629),((0.0000000000),(750.0000000000)));
#1631=IFCSTRUCTURALCURVEACTION('1U1dwqIE1CfR1Wewj9biDZ',#1,'Member 14 Case 2',$,$,$,$,#1630,.GLOBAL_COORDS.,.F.,.PROJECTED_LENGTH.,.LINEAR.);
#1632=IFCRELCONNECTSSTRUCTURALACTIVITY('0f2IXm2Tj6UvUyCP7vOfBd',#1,'Member 14 Case 2',$,#1107,#1631);

/* Case 2 Member 14 Sub Load 3 */
#1633=IFCSTRUCTURALLOADLINEARFORCE('Start',0.0000000000,0.0000000000,-2.2500000000,$,$,$);
#1634=IFCSTRUCTURALLOADLINEARFORCE('Finish',0.0000000000,0.0000000000,-2.2500000000,$,$,$);
#1635=IFCSTRUCTURALLOADCONFIGURATION('Member 14 Case 2',(#1633,#1634),((750.0000000000),(4250.0000000000)));
#1636=IFCSTRUCTURALCURVEACTION('0e65q6KAP3BO_0zuzq10LG',#1,'Member 14 Case 2',$,$,$,$,#1635,.GLOBAL_COORDS.,.F.,.PROJECTED_LENGTH.,.LINEAR.);
#1637=IFCRELCONNECTSSTRUCTURALACTIVITY('3w0naXla514eqhKnntyNbz',#1,'Member 14 Case 2',$,#1107,#1636);

/* Case 2 Member 14 Sub Load 4 */
#1638=IFCSTRUCTURALLOADLINEARFORCE('Start',0.0000000000,0.0000000000,-2.2500000000,$,$,$);
#1639=IFCSTRUCTURALLOADLINEARFORCE('Finish',0.0000000000,0.0000000000,0.0000000000,$,$,$);
#1640=IFCSTRUCTURALLOADCONFIGURATION('Member 14 Case 2',(#1638,#1639),((4250.0000000000),(5000.0000000000)));
#1641=IFCSTRUCTURALCURVEACTION('2_3$uUgznCoR1VeIrJ3PIP',#1,'Member 14 Case 2',$,$,$,$,#1640,.GLOBAL_COORDS.,.F.,.PROJECTED_LENGTH.,.LINEAR.);
#1642=IFCRELCONNECTSSTRUCTURALACTIVITY('1f3QESDZnAbBMjPaIDsNVU',#1,'Member 14 Case 2',$,#1107,#1641);

/* Case 2 Member 14 Sub Load 5 */
#1643=IFCSTRUCTURALLOADLINEARFORCE('Start',0.0000000000,0.0000000000,0.0000000000,$,$,$);
#1644=IFCSTRUCTURALLOADLINEARFORCE('Finish',0.0000000000,0.0000000000,-2.2500000000,$,$,$);
#1645=IFCSTRUCTURALLOADCONFIGURATION('Member 14 Case 2',(#1643,#1644),((0.0000000000),(750.0000000000)));
#1646=IFCSTRUCTURALCURVEACTION('3$2jFM$Yn2oBybZsKLZwED',#1,'Member 14 Case 2',$,$,$,$,#1645,.GLOBAL_COORDS.,.F.,.PROJECTED_LENGTH.,.LINEAR.);
#1647=IFCRELCONNECTSSTRUCTURALACTIVITY('1c01rLur932fAQ7QcmUEFl',#1,'Member 14 Case 2',$,#1107,#1646);

/* Case 2 Member 14 Sub Load 6 */
#1648=IFCSTRUCTURALLOADLINEARFORCE('Start',0.0000000000,0.0000000000,-2.2500000000,$,$,$);
#1649=IFCSTRUCTURALLOADLINEARFORCE('Finish',0.0000000000,0.0000000000,-2.2500000000,$,$,$);
#1650=IFCSTRUCTURALLOADCONFIGURATION('Member 14 Case 2',(#1648,#1649),((750.0000000000),(4250.0000000000)));
#1651=IFCSTRUCTURALCURVEACTION('3g2mLrGhn6xv1wj1$XgO8o',#1,'Member 14 Case 2',$,$,$,$,#1650,.GLOBAL_COORDS.,.F.,.PROJECTED_LENGTH.,.LINEAR.);
#1652=IFCRELCONNECTSSTRUCTURALACTIVITY('0O68n4GLf3PBeZHd$asPiQ',#1,'Member 14 Case 2',$,#1107,#1651);

/* Case 2 Member 14 Sub Load 7 */
#1653=IFCSTRUCTURALLOADLINEARFORCE('Start',0.0000000000,0.0000000000,-2.2500000000,$,$,$);
#1654=IFCSTRUCTURALLOADLINEARFORCE('Finish',0.0000000000,0.0000000000,0.0000000000,$,$,$);
#1655=IFCSTRUCTURALLOADCONFIGURATION('Member 14 Case 2',(#1653,#1654),((4250.0000000000),(5000.0000000000)));
#1656=IFCSTRUCTURALCURVEACTION('2m3ntnL$59Ruyy0jK8sbOA',#1,'Member 14 Case 2',$,$,$,$,#1655,.GLOBAL_COORDS.,.F.,.PROJECTED_LENGTH.,.LINEAR.);
#1657=IFCRELCONNECTSSTRUCTURALACTIVITY('1u40cL1r97twCVgggpI3NF',#1,'Member 14 Case 2',$,#1107,#1656);

/* Case 2 Member 15 Sub Load 1 */
#1658=IFCSTRUCTURALLOADLINEARFORCE('Start',0.0000000000,0.0000000000,-4.5000000000,$,$,$);
#1659=IFCSTRUCTURALLOADLINEARFORCE('Finish',0.0000000000,0.0000000000,-4.5000000000,$,$,$);
#1660=IFCSTRUCTURALLOADCONFIGURATION('Member 15 Case 2',(#1658,#1659),((0.0000000000),(5000.0000000000)));
#1661=IFCSTRUCTURALCURVEACTION('2q32evGLb4s8VjIMwVW5lW',#1,'Member 15 Case 2',$,$,$,$,#1660,.GLOBAL_COORDS.,.F.,.PROJECTED_LENGTH.,.LINEAR.);
#1662=IFCRELCONNECTSSTRUCTURALACTIVITY('1v1FmCINb0WA6PfalWof6n',#1,'Member 15 Case 2',$,#1146,#1661);

/* Case 2 Member 15 Sub Load 2 */
#1663=IFCSTRUCTURALLOADLINEARFORCE('Start',0.0000000000,0.0000000000,0.0000000000,$,$,$);
#1664=IFCSTRUCTURALLOADLINEARFORCE('Finish',0.0000000000,0.0000000000,-2.2500000000,$,$,$);
#1665=IFCSTRUCTURALLOADCONFIGURATION('Member 15 Case 2',(#1663,#1664),((0.0000000000),(750.0000000000)));
#1666=IFCSTRUCTURALCURVEACTION('280qx4HjXAO8RHjX1HuuoV',#1,'Member 15 Case 2',$,$,$,$,#1665,.GLOBAL_COORDS.,.F.,.PROJECTED_LENGTH.,.LINEAR.);
#1667=IFCRELCONNECTSSTRUCTURALACTIVITY('2E2sFFz9P5qvnX$vPZ2VY5',#1,'Member 15 Case 2',$,#1146,#1666);

/* Case 2 Member 15 Sub Load 3 */
#1668=IFCSTRUCTURALLOADLINEARFORCE('Start',0.0000000000,0.0000000000,-2.2500000000,$,$,$);
#1669=IFCSTRUCTURALLOADLINEARFORCE('Finish',0.0000000000,0.0000000000,-2.2500000000,$,$,$);
#1670=IFCSTRUCTURALLOADCONFIGURATION('Member 15 Case 2',(#1668,#1669),((750.0000000000),(4250.0000000000)));
#1671=IFCSTRUCTURALCURVEACTION('261Sn1uNvCROTZnSuNEusw',#1,'Member 15 Case 2',$,$,$,$,#1670,.GLOBAL_COORDS.,.F.,.PROJECTED_LENGTH.,.LINEAR.);
#1672=IFCRELCONNECTSSTRUCTURALACTIVITY('0_4Vi9KBvFX9N9zG$EzxUa',#1,'Member 15 Case 2',$,#1146,#1671);

/* Case 2 Member 15 Sub Load 4 */
#1673=IFCSTRUCTURALLOADLINEARFORCE('Start',0.0000000000,0.0000000000,-2.2500000000,$,$,$);
#1674=IFCSTRUCTURALLOADLINEARFORCE('Finish',0.0000000000,0.0000000000,0.0000000000,$,$,$);
#1675=IFCSTRUCTURALLOADCONFIGURATION('Member 15 Case 2',(#1673,#1674),((4250.0000000000),(5000.0000000000)));
#1676=IFCSTRUCTURALCURVEACTION('3C47su2_PCzhghXSHyvhWq',#1,'Member 15 Case 2',$,$,$,$,#1675,.GLOBAL_COORDS.,.F.,.PROJECTED_LENGTH.,.LINEAR.);
#1677=IFCRELCONNECTSSTRUCTURALACTIVITY('2C2KoRoL9Df8_L9hl6T1IE',#1,'Member 15 Case 2',$,#1146,#1676);

/* Case 2 Member 15 Sub Load 5 */
#1678=IFCSTRUCTURALLOADLINEARFORCE('Start',0.0000000000,0.0000000000,0.0000000000,$,$,$);
#1679=IFCSTRUCTURALLOADLINEARFORCE('Finish',0.0000000000,0.0000000000,-2.2500000000,$,$,$);
#1680=IFCSTRUCTURALLOADCONFIGURATION('Member 15 Case 2',(#1678,#1679),((0.0000000000),(750.0000000000)));
#1681=IFCSTRUCTURALCURVEACTION('230XGcTJbAYOMpJL1t0WUS',#1,'Member 15 Case 2',$,$,$,$,#1680,.GLOBAL_COORDS.,.F.,.PROJECTED_LENGTH.,.LINEAR.);
#1682=IFCRELCONNECTSSTRUCTURALACTIVITY('3h4bL0hdrD1QRisgx7jTGh',#1,'Member 15 Case 2',$,#1146,#1681);

/* Case 2 Member 15 Sub Load 6 */
#1683=IFCSTRUCTURALLOADLINEARFORCE('Start',0.0000000000,0.0000000000,-2.2500000000,$,$,$);
#1684=IFCSTRUCTURALLOADLINEARFORCE('Finish',0.0000000000,0.0000000000,-2.2500000000,$,$,$);
#1685=IFCSTRUCTURALLOADCONFIGURATION('Member 15 Case 2',(#1683,#1684),((750.0000000000),(4250.0000000000)));
#1686=IFCSTRUCTURALCURVEACTION('245iq_WLr3MQCJUoTm$t1D',#1,'Member 15 Case 2',$,$,$,$,#1685,.GLOBAL_COORDS.,.F.,.PROJECTED_LENGTH.,.LINEAR.);
#1687=IFCRELCONNECTSSTRUCTURALACTIVITY('065hIgRXz19R$1Hdy8Ldyb',#1,'Member 15 Case 2',$,#1146,#1686);

/* Case 2 Member 15 Sub Load 7 */
#1688=IFCSTRUCTURALLOADLINEARFORCE('Start',0.0000000000,0.0000000000,-2.2500000000,$,$,$);
#1689=IFCSTRUCTURALLOADLINEARFORCE('Finish',0.0000000000,0.0000000000,0.0000000000,$,$,$);
#1690=IFCSTRUCTURALLOADCONFIGURATION('Member 15 Case 2',(#1688,#1689),((4250.0000000000),(5000.0000000000)));
#1691=IFCSTRUCTURALCURVEACTION('2m4DL7XGzEmQ368ad8o10h',#1,'Member 15 Case 2',$,$,$,$,#1690,.GLOBAL_COORDS.,.F.,.PROJECTED_LENGTH.,.LINEAR.);
#1692=IFCRELCONNECTSSTRUCTURALACTIVITY('1O5pMYUiXAKgao$H_iCG1L',#1,'Member 15 Case 2',$,#1146,#1691);

/* Case 2 Member 16 Sub Load 1 */
#1693=IFCSTRUCTURALLOADLINEARFORCE('Start',0.0000000000,0.0000000000,0.0000000000,$,$,$);
#1694=IFCSTRUCTURALLOADLINEARFORCE('Finish',0.0000000000,0.0000000000,-2.2500000000,$,$,$);
#1695=IFCSTRUCTURALLOADCONFIGURATION('Member 16 Case 2',(#1693,#1694),((0.0000000000),(750.0000000000)));
#1696=IFCSTRUCTURALCURVEACTION('3U1Mht97P8zwY9vB17HYdO',#1,'Member 16 Case 2',$,$,$,$,#1695,.GLOBAL_COORDS.,.F.,.PROJECTED_LENGTH.,.LINEAR.);
#1697=IFCRELCONNECTSSTRUCTURALACTIVITY('3d22GxqCf5gP3S$KUM5MHK',#1,'Member 16 Case 2',$,#1185,#1696);

/* Case 2 Member 16 Sub Load 2 */
#1698=IFCSTRUCTURALLOADLINEARFORCE('Start',0.0000000000,0.0000000000,-2.2500000000,$,$,$);
#1699=IFCSTRUCTURALLOADLINEARFORCE('Finish',0.0000000000,0.0000000000,0.0000000000,$,$,$);
#1700=IFCSTRUCTURALLOADCONFIGURATION('Member 16 Case 2',(#1698,#1699),((750.0000000000),(1500.0000000000)));
#1701=IFCSTRUCTURALCURVEACTION('3b3G$hP4T2LPtwa4SfOHoL',#1,'Member 16 Case 2',$,$,$,$,#1700,.GLOBAL_COORDS.,.F.,.PROJECTED_LENGTH.,.LINEAR.);
#1702=IFCRELCONNECTSSTRUCTURALACTIVITY('0b4J3OHqf2SOlV3w92a$pC',#1,'Member 16 Case 2',$,#1185,#1701);

/* Case 2 Member 17 Sub Load 1 */
#1703=IFCSTRUCTURALLOADLINEARFORCE('Start',0.0000000000,0.0000000000,0.0000000000,$,$,$);
#1704=IFCSTRUCTURALLOADLINEARFORCE('Finish',0.0000000000,0.0000000000,-2.2500000000,$,$,$);
#1705=IFCSTRUCTURALLOADCONFIGURATION('Member 17 Case 2',(#1703,#1704),((0.0000000000),(750.0000000000)));
#1706=IFCSTRUCTURALCURVEACTION('0G1CQRLub6DuY93s3xVIKP',#1,'Member 17 Case 2',$,$,$,$,#1705,.GLOBAL_COORDS.,.F.,.PROJECTED_LENGTH.,.LINEAR.);
#1707=IFCRELCONNECTSSTRUCTURALACTIVITY('0u3_NS1hzFaOJH$b3olLuI',#1,'Member 17 Case 2',$,#1222,#1706);

/* Case 2 Member 17 Sub Load 2 */
#1708=IFCSTRUCTURALLOADLINEARFORCE('Start',0.0000000000,0.0000000000,-2.2500000000,$,$,$);
#1709=IFCSTRUCTURALLOADLINEARFORCE('Finish',0.0000000000,0.0000000000,0.0000000000,$,$,$);
#1710=IFCSTRUCTURALLOADCONFIGURATION('Member 17 Case 2',(#1708,#1709),((750.0000000000),(1500.0000000000)));
#1711=IFCSTRUCTURALCURVEACTION('2U5NQqRNj3nQ5TyWg5$h02',#1,'Member 17 Case 2',$,$,$,$,#1710,.GLOBAL_COORDS.,.F.,.PROJECTED_LENGTH.,.LINEAR.);
#1712=IFCRELCONNECTSSTRUCTURALACTIVITY('075vXIsT54Qg7n8oSYkWUK',#1,'Member 17 Case 2',$,#1222,#1711);

/* Case 2 Member 18 Sub Load 1 */
#1713=IFCSTRUCTURALLOADLINEARFORCE('Start',0.0000000000,0.0000000000,0.0000000000,$,$,$);
#1714=IFCSTRUCTURALLOADLINEARFORCE('Finish',0.0000000000,0.0000000000,-2.2500000000,$,$,$);
#1715=IFCSTRUCTURALLOADCONFIGURATION('Member 18 Case 2',(#1713,#1714),((0.0000000000),(750.0000000000)));
#1716=IFCSTRUCTURALCURVEACTION('2x4OIg8u9AZwGB$sL2IwF9',#1,'Member 18 Case 2',$,$,$,$,#1715,.GLOBAL_COORDS.,.F.,.PROJECTED_LENGTH.,.LINEAR.);
#1717=IFCRELCONNECTSSTRUCTURALACTIVITY('2u6PBMllPCZQyiQb195rUM',#1,'Member 18 Case 2',$,#1259,#1716);

/* Case 2 Member 18 Sub Load 2 */
#1718=IFCSTRUCTURALLOADLINEARFORCE('Start',0.0000000000,0.0000000000,-2.2500000000,$,$,$);
#1719=IFCSTRUCTURALLOADLINEARFORCE('Finish',0.0000000000,0.0000000000,0.0000000000,$,$,$);
#1720=IFCSTRUCTURALLOADCONFIGURATION('Member 18 Case 2',(#1718,#1719),((750.0000000000),(1500.0000000000)));
#1721=IFCSTRUCTURALCURVEACTION('3F5ZxUwsn0dvUSfYQm$l9H',#1,'Member 18 Case 2',$,$,$,$,#1720,.GLOBAL_COORDS.,.F.,.PROJECTED_LENGTH.,.LINEAR.);
#1722=IFCRELCONNECTSSTRUCTURALACTIVITY('2u5u7Cp3H5wfbUZQRQbcgk',#1,'Member 18 Case 2',$,#1259,#1721);

/* Case 2 Member 19 Sub Load 1 */
#1723=IFCSTRUCTURALLOADLINEARFORCE('Start',0.0000000000,0.0000000000,0.0000000000,$,$,$);
#1724=IFCSTRUCTURALLOADLINEARFORCE('Finish',0.0000000000,0.0000000000,-2.2500000000,$,$,$);
#1725=IFCSTRUCTURALLOADCONFIGURATION('Member 19 Case 2',(#1723,#1724),((0.0000000000),(750.0000000000)));
#1726=IFCSTRUCTURALCURVEACTION('2Y4p_P93b4ow7CDH_H8vR7',#1,'Member 19 Case 2',$,$,$,$,#1725,.GLOBAL_COORDS.,.F.,.PROJECTED_LENGTH.,.LINEAR.);
#1727=IFCRELCONNECTSSTRUCTURALACTIVITY('0m1EpLOlT5aRwcugj1CQfU',#1,'Member 19 Case 2',$,#1297,#1726);

/* Case 2 Member 19 Sub Load 2 */
#1728=IFCSTRUCTURALLOADLINEARFORCE('Start',0.0000000000,0.0000000000,-2.2500000000,$,$,$);
#1729=IFCSTRUCTURALLOADLINEARFORCE('Finish',0.0000000000,0.0000000000,0.0000000000,$,$,$);
#1730=IFCSTRUCTURALLOADCONFIGURATION('Member 19 Case 2',(#1728,#1729),((750.0000000000),(1500.0000000000)));
#1731=IFCSTRUCTURALCURVEACTION('3t4v58uV1F_O05qcRUsLci',#1,'Member 19 Case 2',$,$,$,$,#1730,.GLOBAL_COORDS.,.F.,.PROJECTED_LENGTH.,.LINEAR.);
#1732=IFCRELCONNECTSSTRUCTURALACTIVITY('3a1MlF8mf0huHsPGn6fsuN',#1,'Member 19 Case 2',$,#1297,#1731);

/* Case 2 Member 20 Sub Load 1 */
#1733=IFCSTRUCTURALLOADLINEARFORCE('Start',0.0000000000,0.0000000000,0.0000000000,$,$,$);
#1734=IFCSTRUCTURALLOADLINEARFORCE('Finish',0.0000000000,0.0000000000,-2.2500000000,$,$,$);
#1735=IFCSTRUCTURALLOADCONFIGURATION('Member 20 Case 2',(#1733,#1734),((0.0000000000),(750.0000000000)));
#1736=IFCSTRUCTURALCURVEACTION('2M16$UpCL05uqEV2npSq$b',#1,'Member 20 Case 2',$,$,$,$,#1735,.GLOBAL_COORDS.,.F.,.PROJECTED_LENGTH.,.LINEAR.);
#1737=IFCRELCONNECTSSTRUCTURALACTIVITY('3B0AbtOaHCR90SC$BzD8YM',#1,'Member 20 Case 2',$,#1334,#1736);

/* Case 2 Member 20 Sub Load 2 */
#1738=IFCSTRUCTURALLOADLINEARFORCE('Start',0.0000000000,0.0000000000,-2.2500000000,$,$,$);
#1739=IFCSTRUCTURALLOADLINEARFORCE('Finish',0.0000000000,0.0000000000,0.0000000000,$,$,$);
#1740=IFCSTRUCTURALLOADCONFIGURATION('Member 20 Case 2',(#1738,#1739),((750.0000000000),(1500.0000000000)));
#1741=IFCSTRUCTURALCURVEACTION('3n1Vu8ioXDEOYOS2gZFTiW',#1,'Member 20 Case 2',$,$,$,$,#1740,.GLOBAL_COORDS.,.F.,.PROJECTED_LENGTH.,.LINEAR.);
#1742=IFCRELCONNECTSSTRUCTURALACTIVITY('3n4ME838P90vZjA8ufyfN6',#1,'Member 20 Case 2',$,#1334,#1741);

/* Case 2 Member 21 Sub Load 1 */
#1743=IFCSTRUCTURALLOADLINEARFORCE('Start',0.0000000000,0.0000000000,0.0000000000,$,$,$);
#1744=IFCSTRUCTURALLOADLINEARFORCE('Finish',0.0000000000,0.0000000000,-2.2500000000,$,$,$);
#1745=IFCSTRUCTURALLOADCONFIGURATION('Member 21 Case 2',(#1743,#1744),((0.0000000000),(750.0000000000)));
#1746=IFCSTRUCTURALCURVEACTION('080zWHzQHDOvwyTphsZc_i',#1,'Member 21 Case 2',$,$,$,$,#1745,.GLOBAL_COORDS.,.F.,.PROJECTED_LENGTH.,.LINEAR.);
#1747=IFCRELCONNECTSSTRUCTURALACTIVITY('2_5k2jadjDgh8KiFK2JxW3',#1,'Member 21 Case 2',$,#1371,#1746);

/* Case 2 Member 21 Sub Load 2 */
#1748=IFCSTRUCTURALLOADLINEARFORCE('Start',0.0000000000,0.0000000000,-2.2500000000,$,$,$);
#1749=IFCSTRUCTURALLOADLINEARFORCE('Finish',0.0000000000,0.0000000000,0.0000000000,$,$,$);
#1750=IFCSTRUCTURALLOADCONFIGURATION('Member 21 Case 2',(#1748,#1749),((750.0000000000),(1500.0000000000)));
#1751=IFCSTRUCTURALCURVEACTION('0209SobxP0ceJtSe$MApi8',#1,'Member 21 Case 2',$,$,$,$,#1750,.GLOBAL_COORDS.,.F.,.PROJECTED_LENGTH.,.LINEAR.);
#1752=IFCRELCONNECTSSTRUCTURALACTIVITY('200SXedtr5tvQ2cbKOpk6X',#1,'Member 21 Case 2',$,#1371,#1751);


/*  T H E R M A L  L O A D S  */

/*  P L A T E  P R E S S U R E  L O A D S  */

/*  P R E S C R I B E D  D I S P L A C E M E N T S  */

/*  P R E S T R E S S  */

/*  L O A D  M E M B E R  T O R S I O N S */

/*  L O A D   C A S E  */

/* Load Case Titles */
#2300=IFCRELDEFINESBYPROPERTIES('0k4MjDw9TBCRVqm08Ni$r$',#1,'Section 1 library relationship',$,(#610,#632,#722,#744),#402);
#2301=IFCRELDEFINESBYPROPERTIES('324nku2hHAEwKvntHyaMLg',#1,'Section 2 library relationship',$,(#685,#707,#759,#781),#412);
#2302=IFCRELDEFINESBYPROPERTIES('3d5IPP6xj9u8RIwy_Vv_Ot',#1,'Section 3 library relationship',$,(#647,#670,#796,#819,#912,#936,#1029,#1053,#1068,#1092,#1107,#1131,#1146,#1170,#1185,#1207,#1222,#1244,#1259,#1282,#1297,#1319,#1334,#1356,#1371,#1394),#422);
#2303=IFCRELDEFINESBYPROPERTIES('0N3TM1IgP5h8$FhNDK2XMr',#1,'Section 4 library relationship',$,(#834,#858,#873,#897),#456);
#2304=IFCRELDEFINESBYPROPERTIES('3y2lc5R2fBdv3L71Ygbpnt',#1,'Section 5 library relationship',$,(#951,#975,#990,#1014),#466);

/*  A N A L Y S I S  */
/*  SPACE GASS Material Reference  */
/* -- Warning -- */


/*  SPACE GASS Library Section Reference  */

/*  Analysis Members, Nodes and Plates  */
#2400=IFCSTRUCTURALANALYSISMODEL('2D1MwQgbH1hgCn1AentAVL',#1,$,$,$,.LOADING_3D.,$,$,$,$);
#2401=IFCRELASSIGNSTOGROUP('2b5_yGXDfDt94U2KFFvt1F',#1,'Structural Analysis Model','Members, Nodes and Plates',(#610,#647,#685,#722,#759,#796,#834,#873,#912,#951,#990,#1029,#1068,#1107,#1146,#1185,#1222,#1259,#1297,#1334,#1371,#305,#311,#317,#323,#329,#335,#341,#347,#353,#359,#365,#371,#377,#383),.PRODUCT.,#2400);
#2402=IFCRELCONTAINEDINSPATIALSTRUCTURE('3W4FpexkrDpA1zIerwiqr4',#1,'Physical Elements','Members and Plates',(#632,#670,#707,#744,#781,#819,#858,#897,#936,#975,#1014,#1053,#1092,#1131,#1170,#1207,#1244,#1282,#1319,#1356,#1394),#69);

/*  L O A D  C A S E  R E P R E S E N T A T I O N  */
ENDSEC;

END-ISO-10303-21;
